post_id,company_id,author,timestamp,platform,post_content,social_media_sentiment
f11ce964-a03c-4862-bc74-f64b187c54e1,1fa1ecef-6d5b-4069-9ddd-48d5fa238708,Charlene Jacobs,22:30:49,Facebook,Amazing experience with Morales-Pope,0.4886496220259502
d40ebe59-521f-42b9-a461-df1775a23c4d,6fdb4bc3-f842-4e29-8974-83d73f92bcf8,Charles Hughes,15:33:12,LinkedIn,"Bad experience with Munoz, Nixon and Hernandez",0.9405642053335181
63665f7d-7408-4fbc-8b52-29bf251e2017,156eebdf-9436-4693-95c6-d19f94127ac1,Michelle Carpenter,17:50:50,Facebook,"Bad experience with Jones, Wolfe and Good",0.43815613026193534
04d95b59-632f-420c-8eb6-ace6f38cd0a4,d388b4ec-66ef-4969-b1b7-ec90cefb61ea,Matthew Crawford,15:38:09,Twitter,"Amazing experience with Rivera, Williams and Blair",0.5552834038479597
9998e9f1-39f5-414a-be78-9bc1a39a1b21,184a038f-2c19-4492-b6cf-f71b2608a76a,Cindy Hernandez,23:14:17,Facebook,Great experience with Carter LLC,0.8536157116219565
d0ca1075-d125-4e79-80fb-128b5669ca6c,f5be7c66-c240-4ee3-8305-f58cbf0b632e,Kimberly Williams,09:06:53,Facebook,"Great experience with Hunt, Watson and George",0.090884519
76fdc685-9576-4623-aba2-0665ffc6f829,68f45532-dc81-4c0e-acb2-23ed8ade2a93,Billy Edwards,01:15:59,Facebook,"Amazing experience with Brady, Johnson and Brown",0.1533494025169022
86c7e3b1-8870-4ab1-9835-26754da1d124,efde02f7-6383-46a5-8737-76ce5b0fa6fa,Mary Oliver,03:53:07,Facebook,Terrible experience with Lloyd Group,0.7849271806075397
60133302-9e6b-44e6-8c28-b4dc26b8d012,c4ce8fae-2cdd-42bd-85b0-7a19c20550d3,Zachary Roman,13:28:21,LinkedIn,"Amazing experience with Jennings, Brown and Palmer",0.031927147
3d0fe1c0-8857-42b0-bb4b-42281a82c927,68c591f5-4c59-40d5-bde5-d78626ea75c3,Juan Steele,20:39:44,LinkedIn,Terrible experience with Hicks-Ramirez,0.15990617777224736
f3ed5065-8a66-448f-a151-8125e76a4002,8ccc96fa-9a9b-4100-9a18-e898f084a180,Matthew Pacheco,03:41:40,Facebook,"Great experience with Cherry, Smith and Lopez",0.3861680588805958
0493bc56-be03-46f1-a7b0-a82e075ab16b,c38ce0fd-c294-496f-b8c4-4708a80a8472,John Johnson,10:11:19,Twitter,Amazing experience with Wise-Velez,0.25844724410966236
df5205b9-3fd0-40d1-aaaa-70abe7b3e9b7,10dd1b95-f1c7-4232-aeed-ce7b856aa018,Kelly Holland,04:01:34,LinkedIn,Terrible experience with Wright-Boyd,0.26229919018935555
2ecb4a2e-8d3f-4519-bcc6-32d014169f69,32967d25-f587-45dd-9fa8-b796c4881d82,Jonathan Kline,06:10:52,Twitter,"Bad experience with Maynard, Brennan and Conrad",0.8504334065667982
5ff2b520-86c3-48df-b8e8-b952bc0ad4fa,de044975-2827-40f4-94a1-268bbb816ea3,Jackson Cooper,13:00:35,LinkedIn,Amazing experience with Cooke-Lopez,0.6520462716333445
668f3ee3-0d9e-49a8-82d7-04a52733d01b,40625b44-a28a-4cc0-a493-00df7fd2ff2a,Karen Arnold,11:54:32,LinkedIn,Bad experience with Moore-Peters,0.876436748
61e893d2-9385-4025-8bee-8ed8e7e80539,a9bc1d04-24ce-400d-96e1-e6e37336cef4,Amanda Bowman,11:31:06,Twitter,Great experience with Mccormick-Ibarra,0.3246701579056893
58867598-90f7-47e7-b6e2-a98223555fd8,5525c378-3d56-4edd-97e9-30aed6e02aed,Erin Patterson,22:32:13,Facebook,Bad experience with Lopez-Foster,0.8815511530349587
d05c0c9a-5400-44e4-8ea6-682d154d2b99,8c39b0d1-72cf-4b7c-974f-df6ab2f49d72,Ian Delacruz,07:29:30,Facebook,"Amazing experience with Holt, Arroyo and Meyers",0.971034911
0db77b45-144f-4554-8937-6e872bad2f1c,0e2615b5-1057-413b-af57-940ce1eb4009,Phillip Guzman,08:45:27,Facebook,"Great experience with Ferguson, Washington and Cisneros",0.8586065995595245
77be9c68-380b-4d1c-8ece-7042db4ee2ce,1ab21d5b-33fd-4680-befd-0b4b8db1588c,Andrew Griffin,20:14:08,Facebook,Bad experience with Reynolds-Reyes,0.8755589081829999
42df21b4-6d11-471e-b439-7a9581726f4e,356e5052-6cf5-478d-bb84-4462a1f7be84,Gary Williams,09:38:28,Facebook,"Terrible experience with Wallace, Jordan and Wilson",0.8882277317592817
e398d8f3-bcf4-48e6-9fc5-799c245d8872,0fa5f069-6ae3-4177-a7b5-12e4ea000065,Lisa Mcclure,20:06:12,LinkedIn,Great experience with Aguirre-Nixon,0.7153671299685302
32b6af23-3854-4423-829f-f951ffcb9972,bcd3dce6-6e76-4b9d-9538-92cc9fefef4d,Alyssa Thornton,20:26:58,LinkedIn,Bad experience with Martinez-Walker,0.8323253495864263
6e610fdb-1cc2-47e4-bd9d-5333af82b34f,7a8f285b-a5d3-4725-9586-cd67986d791d,Natalie Jones,17:59:50,LinkedIn,Amazing experience with Parker Group,0.3309721835060849
2fba8c8c-c6db-458b-8a5d-34cef0eeceed,413b8b1e-0453-4a00-ab4e-63eecd61dfa1,Jonathan Miller,02:02:02,Facebook,Great experience with English and Sons,0.5238870182994086
a84f4a7c-2aa2-4f32-b903-875fd17abb36,156eebdf-9436-4693-95c6-d19f94127ac1,Lauren Diaz,10:54:09,LinkedIn,Terrible experience with Aguirre-Nixon,0.700160833
704c87ab-1fb1-4a0d-8fdb-cf756008bda4,0bd99b21-e79a-4ba6-ac29-b7518f316f55,Savannah Reyes,07:49:11,Facebook,"Terrible experience with Schaefer, Arroyo and Tran",0.3869432375433193
15bae133-c56f-4468-a4e8-386f2029e2f8,f4284cdd-a78f-4b40-a925-f842971b145a,Kenneth White,20:51:49,LinkedIn,Bad experience with Evans-Gray,0.539697761
7bdc7015-4573-4b2d-b196-e0e792c475a3,55c497cb-470b-4345-97f8-f8173c51bc37,David Berg,14:20:49,LinkedIn,"Great experience with Jacobson, Krause and Morris",0.5837995246371939
acada49f-6559-41de-9d3d-4f6f22f6e82e,38cee983-9ee1-4f29-a557-05c048332d63,Cassandra Bryant,01:44:14,Facebook,"Great experience with Rivera, Williams and Blair",0.2885913877362163
ed8e65aa-9fca-4c6e-8fab-514c4f81d496,7a54ca37-b863-4756-9295-1eda6eb5f18d,Derek Baker,01:31:27,Facebook,Great experience with Russell Group,0.2581946154824776
f0e820f2-56ca-4a47-8123-d3d663ffccbe,99d3021a-f4e8-4a2b-8e5e-7cf218584316,Anthony Davis,10:27:13,LinkedIn,Terrible experience with Phillips-Rodriguez,0.38845092540425374
b7224d69-7ab6-425d-ac83-2fb785420b1c,3424fa63-b396-4e8a-ae88-86f3516c31f3,Julie Hawkins,10:37:11,Facebook,Bad experience with Shields Group,0.4398247520803825
675993a5-df2d-4c10-9a4e-26e0923aa1ab,a06433c8-a5b5-4db9-9948-3d93884b07a2,Julie Ellis,04:19:35,Facebook,Great experience with Campbell Group,0.7791228410954312
f1a4686d-19f6-49f6-a7aa-78dd8144cf73,bc053c56-a88c-4226-bab8-82b4721ac1bd,Samuel Guerra,18:44:43,Facebook,Amazing experience with Kelly-Winters,0.3213600818015585
3da8ac9d-a277-4b1f-bc34-d16b0e75f8c9,e709f300-5c2f-4a1b-9b89-f58b403aacee,Paul Aguilar,03:24:41,Facebook,"Bad experience with Tate, Lang and Patterson",0.6820445045372489
7a9af752-4d0d-4c4e-aa98-1e55c088004c,dc004895-50e3-4f32-8874-c7a9e0aed4eb,Sarah Wood,04:42:21,Facebook,"Amazing experience with James, Hill and Schwartz",0.002756719
8d44b920-22f5-4e5c-b683-9090441b00ed,e0753b1a-915c-44ef-b97f-ff38a75831fc,Samantha Graham,09:57:47,Facebook,Amazing experience with Rose Group,0.6837545724946983
a4947bf3-dca6-4783-8a3f-1d8bb848738b,c4ce8fae-2cdd-42bd-85b0-7a19c20550d3,Mr. Frederick Kidd,03:32:21,Facebook,"Great experience with Pennington, Wheeler and Savage",0.11142022642854155
f5696e80-631c-405d-b1ff-35ee5d35fcd7,5f34f0d7-8780-4582-af84-e27b27d9dbfb,Jeffrey Hunter,07:49:44,Twitter,Terrible experience with Riley-Scott,0.9723546662876127
d983e506-52b1-4e05-9e7e-4b5e504664e0,f61c00e0-604a-4b57-9579-39a42777ee80,Terri Obrien,16:14:40,Facebook,Amazing experience with Cole-Bennett,0.6902381276690744
289c133a-5413-49f5-a7dc-5b3ca7eae254,6a738f39-d04a-49eb-b928-36c918742a41,James Johnson,16:42:49,Twitter,Terrible experience with Suarez LLC,0.19233294522617128
2a5f1091-f898-46d6-9c1c-11f73fb161b6,6986c9d6-6131-40ab-97ad-5597b52110b4,Mrs. Natalie Hale,09:11:52,Facebook,"Bad experience with Wilcox, Mccullough and Owens",0.2397089831607131
9270cfb3-49f5-4c7e-a1df-dc6a4213bae2,8d642075-d3be-4474-ba4e-a9a295d1446d,Stephanie Hill,03:32:25,LinkedIn,"Great experience with Everett, Charles and Gallagher",0.43559241504537305
d7459fe0-5bbe-47db-aa93-52095ad7ac56,485138c3-82b0-4a3c-b981-540cecbc21e9,Katherine Coleman,06:03:06,LinkedIn,"Terrible experience with Merritt, Harris and Adams",0.9567438102082486
67d4c64f-3593-40af-b8a5-a4194791ff1e,d946dedd-c66f-43d6-b31c-c656d12b3a89,Michael Zimmerman,23:45:01,Twitter,Amazing experience with Brown-Jordan,0.5800623138958712
435f2b0d-06f2-493c-afed-4cc9386c13a9,e50ab4b6-0e47-4725-b436-2cf013b81042,Jamie Norton,18:17:17,Facebook,"Amazing experience with Holt, Arroyo and Meyers",0.5590408264261711
f21000f2-0642-44ec-851e-ea86bdd6ae83,ac35e60c-9969-4eab-866a-70e4013ac5e5,John Diaz,19:15:42,Facebook,Great experience with Vaughan LLC,0.33119807559964654
155064d5-71cb-46f0-abd2-b58dcb155db2,424a1a81-e797-4409-9b1b-dc61008821f0,Philip Bryant,08:55:56,Twitter,"Great experience with Smith, Rodriguez and Moran",0.8754659793959325
1bed1684-ea89-418e-a33d-655c8b200c50,c3abc9fe-5bc2-403b-b6cf-ea22dd936c63,Jerry Hanson,22:08:15,Twitter,"Bad experience with Williams, Davis and Ashley",0.13991836663775614
660aaf7d-009d-4dae-8a0c-4979ab4de86e,eb6a400a-2975-4bcd-bd6f-bfe2e8a19bd9,Nancy Baker,22:58:54,LinkedIn,Bad experience with Rodriguez-Nelson,0.3317079866555358
a3cac9fb-f8c1-4d02-b2ea-322f3392e177,6aa7c340-66a4-4875-9262-5d735ca29202,Rebekah Smith,12:41:16,Facebook,Great experience with Lamb Ltd,0.5878451265050381
66a6743b-207b-4675-8366-0a965eb7e27e,d8a3fa7c-da64-4cae-861f-9c4cf18fac2d,Linda Ramirez,03:05:31,Twitter,Amazing experience with Woodard-Campbell,0.9986960498626776
26e21eb3-c1c3-4da0-8049-9db65130c7b5,a486ef06-77fd-4cfd-8ea2-8114a1d87071,Steven Mckinney,04:32:01,Facebook,"Great experience with Holloway, Williams and Grant",0.9611682193296784
0af58f00-f76e-4a9c-9858-b52a622f619a,da961e43-245c-4ba3-88b5-f6c36f9f51a3,Evan Carroll,23:28:57,LinkedIn,Amazing experience with Reynolds Ltd,0.590146163
e0bf42e5-7c5f-4e58-aa38-6196bbc88e4c,92074611-0c83-412a-95d3-22da6215b7ad,Brianna Myers,19:13:55,Facebook,Terrible experience with Cook-Thomas,0.41109085485617913
00d5d3a2-617c-44d0-b266-3570c29a7898,92531721-57c9-459c-a713-639e4dd9bada,Chelsea Mcmillan,09:51:42,Twitter,Terrible experience with Carlson-Jones,0.34298859677176485
dbdfc50d-52a7-4d83-a39a-f917a5af329d,0d27b42a-7e74-4f58-84a4-5ee149ba2e61,Mary Wolf,17:43:46,LinkedIn,Amazing experience with Sheppard and Sons,0.34924578189279554
a95db630-34ae-4233-8a2c-0c520d3844ee,25ef2ea3-53c2-4d7e-89ad-5836bb6dceb5,Carly Russell,08:06:51,LinkedIn,Bad experience with Smith-Sanchez,0.8042386195215864
d0aa4928-6991-452f-bd76-c4abd743bbec,b18895e5-e2eb-4da7-b417-a08890252720,Shannon Simmons,01:11:13,Facebook,"Amazing experience with Hunt, Watson and George",0.6580809413739315
4f0e9ac9-2f15-4125-9b2e-8420d2c17dfc,8b45ddad-8d9b-4e8d-a407-39d194d73404,Heather Patterson,01:43:59,LinkedIn,Great experience with Bradley-Jones,0.9443606394847711
c186b98f-9f57-4c1f-ada2-c3d617b50b8d,15fc3f4e-fb6d-4831-83cd-90f9337cab59,Suzanne Hodge,04:12:23,Facebook,Great experience with Williams Group,0.20407451543488864
80fc7eff-323c-486f-b99d-f53cb23e54d4,d04610eb-310f-46c5-a92c-db991b9fc58d,Gary Harvey,01:36:29,Facebook,Great experience with Riley Group,0.054425047
50b34f7a-ea4c-472b-a2d3-ac2d8d46b087,a5b66152-82d3-47dd-8f78-f0ef61f4e18e,Paul Carroll,15:34:54,LinkedIn,Terrible experience with Lopez Inc,0.9339827045911564
4cfd34f4-521f-477b-a0ef-64f78c11d8a5,b5b8ed85-b512-498c-90df-b908cad679b8,Brandy Thornton,07:44:23,LinkedIn,Bad experience with Cole-Bennett,0.684790067
600966e2-2dd2-47ce-8909-cd96ac067d44,a2e5ab9b-e587-47ae-ad6b-be84151ed501,Kelly Hoffman,02:34:37,Facebook,"Amazing experience with Munoz, Nixon and Hernandez",0.8947193158402655
41a4a799-14a8-4577-aaad-851a013b14ad,3478d6ef-05fb-410b-9ae2-f934cd975be5,Michael Moreno,00:35:21,LinkedIn,Amazing experience with Andrews and Sons,0.8027726294411102
2bbcb1d2-ed0c-455f-b502-171e40835cc5,01c97c82-de5d-47ea-85c9-af1f8bd0e201,Daniel Ramsey,13:53:46,Twitter,"Great experience with Patterson, Richardson and Harris",0.5868316533196141
f3d99c21-b61f-453d-ab37-8cd2a7264e8d,db1f18d2-2782-46bc-a25e-113584cb1bcf,Melissa Carter,13:25:14,Facebook,Amazing experience with Adams-Evans,0.45502029908385944
c22bd587-31b9-4239-9ef4-686ce71388b1,a9ccf5df-f287-4ecb-8609-689a917009ac,Laura Newman,16:39:37,LinkedIn,Amazing experience with Fields-Cruz,0.9377452400628224
07d11f49-487e-471a-bfe4-5cadd0305af9,d8a3fa7c-da64-4cae-861f-9c4cf18fac2d,Jennifer Myers,04:01:28,Facebook,"Bad experience with Erickson, Booker and Olson",0.811704276
e89f0c4d-cbd9-4760-9c24-fb75aa49cc78,6ec9eff5-a337-4871-b9d6-cb8abae24dc8,Susan Cook,12:41:00,Twitter,Terrible experience with Reeves-Miller,0.7209121578472908
fd4fc3d4-a1a3-4387-b83e-5338d96f4328,2c7d880f-b87d-41d5-9c31-80627347b0dc,Deborah Fitzgerald,06:47:10,LinkedIn,"Terrible experience with Young, Johnson and Yates",0.24857294919362682
6a68b610-906f-4bb7-841f-d0e38687d1b9,1fc8be7d-cb6e-45b7-bd12-da964795632d,Terry Mitchell,20:11:13,LinkedIn,"Amazing experience with Henry, Moore and Gomez",0.23612051320202476
09bde97e-5caf-4c70-b7e7-9a00c7e83247,decc4d44-ad62-483d-a386-2cfdb6927e4b,Brent Zuniga,15:00:50,Facebook,Terrible experience with Thompson-Williams,0.49378098
563af5d2-b8b9-4b97-9098-4f9a579a9876,efde02f7-6383-46a5-8737-76ce5b0fa6fa,Ashley Case,21:19:23,LinkedIn,Terrible experience with Carlson-Jones,0.063348387
a8a9f10b-1f20-4130-ab2a-45e0d473c54a,7c10f72d-c8c9-4c2e-b93b-a59f89e66cb1,Mr. Joseph Nguyen,19:16:53,LinkedIn,Amazing experience with Thompson-Williams,0.6249356056097385
308257eb-c31c-4e84-8ef8-d1bb3269d3b5,d946dedd-c66f-43d6-b31c-c656d12b3a89,Jesse Alvarez,21:41:44,Facebook,Terrible experience with James Group,0.16293937293642868
ef09af8f-f533-43b7-86e2-b4ccaddf149d,0bd99b21-e79a-4ba6-ac29-b7518f316f55,Jennifer Booker,20:41:58,Facebook,"Amazing experience with Wagner, Mclean and Bailey",0.056306747432202986
49c17b30-f91e-468e-8b11-1b860e6e210a,dc004895-50e3-4f32-8874-c7a9e0aed4eb,Kimberly Odonnell,14:10:29,LinkedIn,"Great experience with Roberson, Hamilton and Ross",0.6828499546679743
c95b3986-b0e2-49c5-8ae8-2423c8866cf2,be5330fc-2ef9-480d-8bac-d7d52824c2c7,Madison James,16:14:42,Twitter,"Great experience with Gordon, Hudson and Taylor",0.621078788
70cd5f49-d33d-4082-8625-6e6322b941ce,94c6b394-07f2-4ac7-b56c-741615bdbc84,Edwin Anderson,01:12:53,LinkedIn,"Terrible experience with Reid, Wilson and Howell",0.8028484990641069
e285d064-34db-4c88-a308-b928b6a1c401,1b005cf1-5d65-4f65-8187-736bc5abd2af,Christopher Bowman,08:34:28,LinkedIn,Amazing experience with Riddle Inc,0.076946664
2f7c59bd-13d9-43ca-abf7-b0af7cbeb7d8,431bcbf0-c50c-4ef8-becc-8852589f699a,Mark Peterson,05:42:15,LinkedIn,Great experience with Wright-Boyd,0.6089403096480821
685d4a05-ddf5-4a72-93ed-55e638805012,b107ee48-e5db-48e3-884a-cda292a09f6e,Austin Pittman,19:04:35,Facebook,Terrible experience with Ferguson LLC,0.18647872892364814
0a55ec5d-c00c-4602-9666-d35ef9c57448,ec276d6d-410b-419d-8053-a01ddeb3f884,Carrie Torres,11:39:47,Twitter,Great experience with Williams Group,0.3470939503652778
99319358-7588-4fae-bd1a-2b69e6d12e72,7faf57c7-537c-4b34-870c-3ded435bc835,Amy Patel,17:39:51,LinkedIn,"Amazing experience with Lambert, Graham and Martin",0.9081791941713517
c6b90129-1f44-4064-be92-38e911a97b79,3f084e24-97d6-468a-a285-1d5343d575ef,Kayla Montoya,01:19:53,Twitter,"Amazing experience with Garrison, Martin and Ramsey",0.2048427685608959
6f5d7561-3799-480d-85ea-b68a01d086ba,a3f94bc2-5e60-4403-8c42-9d4673842147,Beth Thomas,17:51:25,Facebook,Bad experience with Bruce PLC,0.26335862021953993
8cc8578d-f598-4f66-980b-49cd6955397b,26a662e0-dd45-452f-aeb0-fdb21b8a3413,Haley Murphy,06:09:48,Facebook,"Bad experience with Martin, Stevens and Compton",0.049954075
c56088a3-491f-4073-8a04-3fae0ef5e030,58a26ba7-f980-4330-9add-a363938f2498,John Russell,14:27:08,Twitter,Terrible experience with Davis PLC,0.13338161305803242
480f8d36-4713-4a7c-9ae7-643042893458,d946dedd-c66f-43d6-b31c-c656d12b3a89,Robin Simpson,02:07:14,Twitter,"Terrible experience with Young, Sutton and Richard",0.3849457382889253
6b40737c-4ac5-46fc-b339-7b7c3488d536,dcda22cf-22f0-475b-aef7-c841abdf2ee2,William Coleman,13:01:13,Facebook,"Amazing experience with Abbott, Ortiz and Becker",0.29406552657206564
1a2ca0ec-2453-425d-b74a-b4d715c2036d,99b75731-5988-41e5-9b79-782c49d917cf,George Wallace,20:25:51,Facebook,Bad experience with Cox Inc,0.8293531116851537
d30a18f0-bb13-4176-b078-50afc18661b4,1ab21d5b-33fd-4680-befd-0b4b8db1588c,Jennifer Bruce,18:59:17,Twitter,"Amazing experience with Rivera, Wilcox and Cortez",0.1613205885781812
8c3c253a-4881-4db1-b359-7a49ac267a77,7d7fdb48-a22b-4422-b13a-bfad20efab69,Kaylee Brown,10:00:59,LinkedIn,"Great experience with Rowe, Castro and Wong",0.18543601131613296
be85d86f-5f75-44be-9b00-b7d4ea4d954f,ac35e60c-9969-4eab-866a-70e4013ac5e5,Carl Joyce,05:23:46,Twitter,"Amazing experience with Hutchinson, Perez and Noble",0.12112376990731155
75314c0e-2add-4ad5-b1bf-17b3bf093734,ccb2c846-c0b9-41c4-9e4e-a76110433d22,Dustin Wilkinson,03:12:49,Twitter,"Amazing experience with Bell, Ortega and Jackson",0.9179042302986674
0c2dff1f-8dab-4b42-819f-7c7cae21223b,ab6cf292-83b6-4882-9908-52d18152a561,Christopher Soto,10:26:52,LinkedIn,Terrible experience with Bennett PLC,0.6185127676410649
1efb8e14-38d1-4d64-8549-f1ed6a3899c9,0a818788-dd82-4604-90c8-3b5ddeb50d97,Dale Fritz,19:20:21,LinkedIn,"Bad experience with Murphy, Perez and Martin",0.041751558
285d886f-ae2b-4833-b8aa-d37a7eae5702,c326c0ec-a90c-44ae-92bd-561f9ba5ea8e,Erik Durham,03:35:25,Facebook,"Great experience with Merritt, Harris and Adams",0.9284959827240901
712f584c-2cbe-4075-a309-e828417f1355,0f007985-c723-42bf-a47f-cebe1010ffa6,Gregory Munoz,07:51:47,Twitter,Bad experience with Patel Ltd,0.12914363750147995
117759c1-64e9-4d09-b2c8-75fd8a3e35d4,8fe9094b-bd5d-4cec-9638-f63c14abfa90,Larry Black,12:34:28,Twitter,Terrible experience with Scott and Sons,0.598295497
2ecff454-06ed-4e70-aa38-0bcca4f01eb6,1086f720-a68e-4d2c-bc8a-ff17b7fbe4c5,Christopher Reynolds,08:22:43,Twitter,"Amazing experience with Sims, Marsh and Campbell",0.6382164743943404
8041d407-edda-4976-8dce-467a22282a38,0373ac0f-83fe-4513-8419-df02d685fd06,Alejandro Goodwin,09:23:23,LinkedIn,"Terrible experience with Davis, Watson and Jackson",0.7227799163369562
11e11704-07be-47fd-b42b-f719bbaabc1b,2b674436-ae25-4d98-9e09-d1e21b1cb9c6,Rebecca Jackson,13:14:47,LinkedIn,Great experience with Friedman and Sons,0.028509937
38a486ba-b455-473e-8551-3d2d2f7d814e,92d41cfa-2d94-47d8-a54d-9026ca607777,Roberto Charles,08:57:10,Twitter,"Bad experience with Bailey, Gray and Brown",0.5024032160415038
75e36ab1-9461-44b5-a1ec-43692f460e2f,5525c378-3d56-4edd-97e9-30aed6e02aed,Tracy Mcdonald,10:22:33,Facebook,Great experience with Chung-Melton,0.5216729725012761
3d043225-e5fa-4b76-ad33-bd4ce2cbf716,8e32e9c9-a94c-43de-bfe7-0e209e746806,Christopher Hernandez,03:58:55,Twitter,"Amazing experience with Diaz, Bautista and Mendez",0.1706983149235365
dc5c3773-0a4c-4827-8c05-a0167d95f8a5,0d27b42a-7e74-4f58-84a4-5ee149ba2e61,Jeffery Rojas,01:39:05,Twitter,Great experience with Lloyd-Howard,0.6414804586646506
dd726083-e866-4878-a047-a84e917d9019,c75b6905-8a9a-4cf2-a2a2-159902c40931,Anna Harris,04:59:04,LinkedIn,Bad experience with Ferguson LLC,0.3181350211138946
6b20b497-6202-4d27-a33f-c81ad9c192c0,583ea27e-6287-4cca-b79a-050c9532cdd4,Sergio Johnson,23:37:06,Twitter,Terrible experience with Patel Ltd,0.40653984815733446
16d126f9-21c3-43b1-bd40-447a493962ca,230f3e6e-f5bf-4574-a1eb-13528c137ab3,Heather Barber,12:46:26,Twitter,"Great experience with Brown, Green and Schultz",0.43727639499686355
9c4a71a3-b0dc-400d-ae57-1c86a9a3f46a,1651d966-7a6c-414d-a4b7-1cc37cdd55d6,Ann Clayton,15:09:47,LinkedIn,Terrible experience with Herman-Frederick,0.9370407336025508
df405903-cfdc-4b06-891a-07601f72bfa5,5eb7521d-9c39-4ebb-8767-6f69f59df4d1,Michael Flores,12:09:16,LinkedIn,Amazing experience with Young LLC,0.9179888107301862
a5242e2a-794c-400b-98d1-08a28656c2bf,e5de519a-3ba0-4a54-97ad-f75afe50a896,Michael Williams,15:37:07,LinkedIn,Terrible experience with Allen-Lowe,0.20924283239173835
de6321ca-d1e9-4e58-98a2-6deedef68d2c,52977df8-6291-4be8-9850-4a21f0c6f8c0,William Bonilla,22:43:38,Twitter,Amazing experience with Morales PLC,0.1963001580938163
958724cb-318b-4453-a64d-df8d5df6c628,b600150a-98ef-4600-827c-3131472ec8f7,Jeremiah Rodriguez,16:00:43,Facebook,Terrible experience with Williams-Jones,0.6993701962249367
521162fd-4fb4-4e5a-9c79-162235601dbd,68f45532-dc81-4c0e-acb2-23ed8ade2a93,Jaclyn Ford,15:14:12,LinkedIn,Terrible experience with Campbell Group,0.17768647869121545
4d425a31-da1b-4bf3-90be-ce244eecef52,bb2aaa8e-161e-4130-a654-2ed2363ecd4c,Madison Clark,04:17:27,Twitter,Terrible experience with Reed-Little,0.3210551768909129
11ec25cf-6396-4340-9fa4-37820c256fa4,a9bc1d04-24ce-400d-96e1-e6e37336cef4,Cheryl Murphy,12:24:58,Twitter,"Great experience with Turner, Hooper and Black",0.3757315588159681
c5bd4868-4fc8-47d0-987d-c4c36d3dfa9b,4a6955bf-42f6-45b0-b080-3a4f3e6b52d5,Isaiah Thompson,03:17:57,Twitter,Amazing experience with Davis PLC,0.17907794744210692
dce7eb21-af49-4138-902a-1e2fed1a36c2,4d9aa3fa-68fe-41cc-94cb-9b600e9d3654,Matthew Miller,21:59:54,Facebook,Amazing experience with Scott and Sons,0.6312795535609336
b25ce4f0-ed2d-4e58-8c36-10f6589a5bb3,d60dde97-ba93-4ef6-9477-333020c99c6f,Vicki Schaefer,03:23:00,Facebook,Great experience with Benitez Ltd,0.4461135971746746
6a0ae84e-e47b-4640-86cb-b8b7afa926de,537a1ad4-3725-4bbc-96a6-5b15ba1850f4,Jay Pittman,23:28:19,LinkedIn,Great experience with Bennett PLC,0.6744079761576565
178983a9-fe5a-49b6-9644-bcdbdca11b0d,d932a8d0-ef46-469f-8470-1e2658299575,Casey Stevenson,14:00:02,Facebook,"Amazing experience with Patterson, Richardson and Harris",0.47920903746499144
d59e3c5d-8380-4afa-bccd-679397452b0e,c67c562c-c229-4747-9916-7574304a9c02,Taylor Mcknight,12:48:58,Twitter,"Great experience with Olsen, Chavez and Hayes",0.5804822055711183
0eacb079-a782-4bf6-9acc-ca4297854bcd,2326f849-e8e8-405a-9b66-fa4e9aa82093,Travis Robertson,10:08:21,Twitter,Terrible experience with Taylor-Dunlap,0.5838352700866123
00ab210d-ee06-43d2-9b4d-778f5c2c0780,d04610eb-310f-46c5-a92c-db991b9fc58d,James Davis,23:09:56,Twitter,Bad experience with Snyder-Williams,0.9784449812618529
eb4aa22f-cd0d-4fb5-8798-8fdcdde5e1d3,0fa5f069-6ae3-4177-a7b5-12e4ea000065,Jodi Payne,04:48:13,Twitter,Bad experience with Hopkins-Johnson,0.37827698186104053
02a7340f-1b36-4265-b97d-75ecac919b59,64650f40-26eb-4245-9a08-ac5bbc1483a8,Jessica Robinson,05:31:10,Twitter,Amazing experience with Perez-Garcia,0.6188193104144801
0c0082d5-03e7-4079-abf1-7b393a0d498b,d946dedd-c66f-43d6-b31c-c656d12b3a89,Victor King,08:01:28,Twitter,"Terrible experience with White, Lindsey and Gonzalez",0.5816452359823155
b30bc35a-3791-4ded-a81f-5e79c2d5031a,44e4e7c7-1b28-4595-b66e-d2e90b1ada5d,Cameron Daniel,04:03:03,LinkedIn,Great experience with Jones PLC,0.3712316780963686
12f5c73c-d46c-47f1-953f-19379da1dad6,a347fc10-79c6-480a-907d-a55e201892df,Donald Rice,01:27:55,LinkedIn,Bad experience with Riley Group,0.39539637110028214
df32b88f-ec58-4207-b23f-e61f58789cb1,26264e32-c035-4a5f-bb29-64833eaaf99a,Dennis Mccall,09:13:51,Twitter,Great experience with Wang-Roman,0.9040797580165151
8b67cafb-be5c-4df9-bdfd-7f7d22c222f9,1371e726-c2e2-4bee-8b83-833d63c3b246,Daniel Richmond,03:40:02,Twitter,"Amazing experience with Gordon, Hudson and Taylor",0.4978100203660534
32f3ba23-07ba-4d97-b7fe-0d92976d23c5,4d9aa3fa-68fe-41cc-94cb-9b600e9d3654,Debbie Smith,11:02:47,Twitter,"Amazing experience with Kramer, Gregory and Gonzalez",0.005249443
eb0ebdaf-6c5d-4745-b1ef-4c1ab6ed7f23,a486ef06-77fd-4cfd-8ea2-8114a1d87071,Brian Cooper,21:51:16,Facebook,"Great experience with Sims, Marsh and Campbell",0.8636542515187768
89ac9c47-44b6-42d0-b518-2da194881be3,b0008fb4-f130-4c52-b081-e637fbb385ae,Suzanne Sharp,10:52:48,LinkedIn,"Amazing experience with Macias, Martin and Craig",0.6287141101533817
6e9b272d-a36c-47bc-b402-cedc5df0c7a6,be313a52-422b-49c4-aec5-97c633149756,Timothy Baldwin,23:16:22,LinkedIn,Bad experience with Suarez-Butler,0.6211338664171575
8d238f6f-5985-47b0-8e05-f4116c963d3e,6ec4921b-9bf1-44e6-adb7-5264d32208a4,Mark Martinez,07:04:36,LinkedIn,Bad experience with Sanchez Inc,0.5784962390844772
581df6c5-dff5-4985-9e99-a8eb531400b8,83a0126e-3593-4929-aded-fdb1a3eb3b3f,Andrew Pineda,16:56:08,Twitter,"Bad experience with Powell, Cooper and Cooke",0.7963726607816868
3c32d67a-6ba2-4213-a4a0-b145fe38ac1b,99b75731-5988-41e5-9b79-782c49d917cf,Jared Aguilar,06:14:28,Twitter,"Bad experience with Elliott, Russell and Beasley",0.4307802204986688
5538de53-65ab-4430-a804-7086c01b6422,c46407cd-9b40-4e87-8c22-3b0921f70afd,Rebecca Chavez,10:43:12,Facebook,Bad experience with Sawyer-Mcbride,0.9710101639571163
42d54582-8180-49a7-86dd-228013b7102a,4ada9243-f6da-4a19-9688-f5fb8818fa35,Paul Bright,20:40:27,Facebook,"Terrible experience with Martin, Stevens and Compton",0.079216839
d6c9e41e-b14d-4d54-9d8e-506b15409ed9,b1630ec3-7f00-4d3f-9331-eaf74bc4b5a6,Andrea Paul,12:13:33,Twitter,Great experience with Weber PLC,0.8996821193791429
7ac855e4-71ba-4fcc-8b5a-b4cf9ff966dc,6ec4921b-9bf1-44e6-adb7-5264d32208a4,Oscar Buchanan,14:06:01,LinkedIn,Terrible experience with Smith-Phillips,0.051476390313906384
791c895b-3c6c-4de9-8ed9-2bfe68f2553b,737d3410-b2b4-49ae-93fd-ffcd111ea19e,Kelsey Rivera,01:43:05,LinkedIn,"Terrible experience with Bailey, Gray and Brown",0.8989484841756473
29ffc17c-f2c0-4ea2-9d00-fd1626e4d528,a2b65adc-3b08-4339-8703-f4afa19ca6ea,Craig Parker,15:55:14,Twitter,"Great experience with Ritter, Hanson and Lane",0.038033794
78817510-7fdb-4977-8a26-5e8ba67449c3,7be55f83-8941-4d55-b9b5-f0638c126975,Tonya Stevenson,16:14:48,Facebook,Great experience with Armstrong-Crawford,0.979831367
48aa47b1-a0c2-421b-9c95-44c9ebeae8d2,c753710c-d778-4005-b40d-e626e7918af0,David Jackson,18:05:47,Twitter,Great experience with Friedman and Sons,0.5980743911054801
3c7d9c24-a642-4fb7-8101-ff8ef759f6bd,d8a3fa7c-da64-4cae-861f-9c4cf18fac2d,Jerome Spencer,15:56:58,Twitter,Great experience with Vega Group,0.18967773276097255
ddc971f9-a259-4b0b-af42-93460bc4612d,3fe14bbe-3409-4004-9e9f-503628c428ac,Adriana Oconnor,02:12:52,Twitter,"Great experience with Tate, Carr and Schneider",0.1120771260099519
5d75379e-f7c4-4961-ac22-3cd92cebb038,6dd109b5-5f1b-4357-b440-ff34c9bf3dd8,Xavier Larsen,09:10:30,Facebook,Great experience with Morales PLC,0.9385129869547967
48dd890f-2cbd-43a3-82cf-de2ff1abd0e6,25382b95-caeb-47da-bf3f-844daa84ad33,Amanda Brown,08:12:41,LinkedIn,Amazing experience with Lamb Ltd,0.7403039459119052
9e8dae2d-24fe-4556-92b4-540bd7c1ecd6,38cee983-9ee1-4f29-a557-05c048332d63,Jasmin Coleman,15:26:44,LinkedIn,Amazing experience with Bradley-Jones,0.097676594
b7f986a9-a49b-49f1-ae3d-5315adc166e2,43dcfc4e-3ebc-49bf-b824-d804ee717f90,Lisa Davenport MD,15:57:07,Facebook,"Amazing experience with Ferguson, Washington and Cisneros",0.5419379965672564
1ba74e81-bdef-4c61-8c5f-10078d3fcc37,ea19bb60-e679-4a45-a926-1396b5ebe9b9,Austin Horton,23:04:28,Twitter,Great experience with Jackson and Sons,0.8773024400207485
b028d1d5-1f34-4ae8-bf05-b971685aace8,1086f720-a68e-4d2c-bc8a-ff17b7fbe4c5,Willie Jackson,15:19:59,LinkedIn,Amazing experience with Owens Inc,0.9460362548339063
7c1291bd-63ca-4d5e-a985-b361144497aa,8a0aef22-b0a3-4f6e-afd7-0715e52d6f9b,Whitney Taylor,03:14:25,LinkedIn,Bad experience with Johnson-Johnson,0.4570136732022819
475d7df4-cb59-4963-94c3-47898185b87f,230f3e6e-f5bf-4574-a1eb-13528c137ab3,John Peterson,03:23:10,LinkedIn,"Amazing experience with Taylor, Kelly and Johnson",0.5093877444524672
b8193fd4-c2c6-4496-a2df-2ec57635fa03,38cee983-9ee1-4f29-a557-05c048332d63,Heather Johnson,00:56:24,Twitter,"Bad experience with Rush, Garcia and Young",0.9637325182633795
5f634760-4317-4a80-bf2d-122e41e4c9af,d963795e-5473-4958-aebb-ce5a233b0a5d,Zachary Cruz,11:44:25,Facebook,"Bad experience with Williams, Davis and Ashley",0.9878916096339126
bfd56ebb-ce96-4329-bb27-2b5790b0bb05,c67c562c-c229-4747-9916-7574304a9c02,Keith Waller,01:55:11,LinkedIn,Great experience with Love Ltd,0.24009734405798633
efed503f-d5bc-416d-b6bc-462f173ad27b,98285944-3ec8-4022-a6b3-92a4dbe81f42,Stacy Walker,21:55:14,LinkedIn,Great experience with Wright-Boyd,0.066967133
19c49bf9-5fe9-4af1-bb9f-212e606a120d,9d7ad76f-19fb-4e94-a185-214ff2588dad,Brent Sims,16:10:39,Facebook,Amazing experience with Rivas PLC,0.7073973821730217
af8c0e7e-05dc-4c22-a258-6449d24538a0,7f2563c1-3cb6-4c8e-9bfe-6732ee565859,Jackson Brown,03:58:32,Facebook,"Bad experience with Allen, Davis and Ferguson",0.8830807570735016
388c29ee-d96d-4574-bd25-b04e34756b73,0eda2d7a-def2-46ae-82ce-75d07fc7576a,Tony Barrett,10:28:22,Twitter,"Great experience with Fields, Davis and Conway",0.694427779
4a7ea796-32f6-4584-8f74-92c0ba177fde,184a038f-2c19-4492-b6cf-f71b2608a76a,Stephanie Ryan,17:35:14,LinkedIn,Terrible experience with Crane-Jordan,0.8421826037274308
2ee53920-bcac-47ce-a839-49e0384097bc,21d51d02-4029-4fbd-9cb2-f3fe9f98c262,Gina Giles,13:04:17,LinkedIn,Bad experience with Marquez PLC,0.010758150943616318
897987a6-c55e-47e0-8a66-ca60146d6620,3a18efe9-d8b8-4c37-9bfc-a30f58645f0b,Scott Oliver,19:35:18,Facebook,"Bad experience with Olsen, Chavez and Hayes",0.7237504633433482
e01bbaef-649b-43ad-9f4b-ea8bca1eb380,bbe1fb0f-a8a0-4dcf-80e4-a86df4979b5d,Allison Cruz,16:50:50,Facebook,Terrible experience with Armstrong-Crawford,0.2474149804200445
f11452a3-aba5-4d7b-b35f-4366e7ff368f,ff800ec5-1655-4bdc-a7c1-f3983e6923a4,Timothy Mills,16:34:05,Facebook,Terrible experience with Erickson and Sons,0.8516231286213019
38cb6c96-6364-45a2-a075-0ac65d212d67,7bcf45fc-feb8-41a0-98e9-3fbdee8cab02,Gabrielle Rodgers,00:47:04,Facebook,Terrible experience with Oliver-Smith,0.26991830705152264
e27e47be-b3c8-43d1-b94c-9f66d24fbf60,f7cb6acd-df83-4435-a1f7-0fd034c744d1,James Washington,00:01:52,LinkedIn,"Great experience with Powell, Long and Thomas",0.9085567500776796
b12b1ae6-cc51-47a1-8215-97d096d29508,1c844a42-1ff6-4966-bf4e-18843635d890,William Baxter,16:55:32,Twitter,Amazing experience with Sullivan and Sons,0.5726059767044389
be1ba711-b1a5-4871-b4e2-ac7cd2376d3a,e0f5b12e-7afd-4dc3-abcf-c8fbdf605d81,Tara Miller,11:07:24,Twitter,Bad experience with Zuniga Group,0.4915187154417884
14728e14-d61f-45eb-9b16-3b6174b57ae4,6ce6713f-af93-45a6-8f97-7bcbc4407036,Ryan Smith,20:23:14,Twitter,Terrible experience with Aguirre-Nixon,0.082884548
2dcb7475-b6f7-446c-bf9c-ea8a4aaa65f9,488342b7-501a-41a3-b869-e5d07164db06,Patricia Keith,05:38:43,Facebook,Amazing experience with Arnold-Casey,0.4376172075903043
bfd5064e-93bd-4228-a8ff-2ee3131e4890,a06433c8-a5b5-4db9-9948-3d93884b07a2,Joshua Molina,01:28:05,Twitter,Great experience with Greer Ltd,0.13467528611989898
2d1cbe9d-ef5d-4756-bae4-653869fd9094,9f8f797f-4015-429f-8421-0c4e71e7b65b,Christine Smith,07:21:04,LinkedIn,Terrible experience with Jefferson and Sons,0.10136541614372374
4bc90de8-088d-4149-8dbf-76f520334585,b99d80f4-1bfe-48d5-a354-797713c178f6,Lindsey Smith,10:44:56,Facebook,Great experience with Chung-Melton,0.8324597718287421
3282032c-0da4-444d-b763-de614edae956,a5b66152-82d3-47dd-8f78-f0ef61f4e18e,Patricia York,09:29:53,Twitter,"Bad experience with Martinez, Prince and Johnson",0.802197403
cc41c546-3e24-4cf6-a5bb-d72164634f83,c2909a2e-fd1a-45e9-bcf8-d8655b446c9f,Lisa Ballard,17:08:59,Twitter,"Great experience with Monroe, Ryan and Larson",0.8746893209893407
8199bd9c-afb3-43dc-b8ca-81dacd1065d7,648ca6dc-8870-4d0d-9ac1-326de7ff9651,Scott Washington,04:20:17,LinkedIn,Amazing experience with Reynolds Ltd,0.8192510834148401
ffd5fb4f-fc9c-4a59-a3f0-e016c9f6a450,20d70c82-3419-473a-970c-f3597725d6ed,Roger Scott,12:05:45,Facebook,"Great experience with Hickman, Green and Campbell",0.1295410761171928
06d28b77-244c-4522-899e-b527f18f9b6a,98285944-3ec8-4022-a6b3-92a4dbe81f42,Dr. Julie Klein,23:04:50,Facebook,"Amazing experience with Davis, Fuentes and Logan",0.6622540504702772
8b31f61b-1199-4648-bdaa-3bdb0dc573f9,55c497cb-470b-4345-97f8-f8173c51bc37,Michael Horton,11:39:04,LinkedIn,Great experience with Kelly-Winters,0.6976772149245174
c668ab54-7708-4a23-b04f-f2290886d830,03f79465-5b82-43ce-bc49-fb8c74a8c7f5,Brian Carson,15:23:05,Facebook,Amazing experience with Taylor-Cobb,0.12190331099699436
22943dc0-413f-4806-930d-38d9618d51e5,981c5432-6c96-4f1f-b9d6-5fa0102142e3,Leslie Green,22:42:45,Facebook,"Terrible experience with Jennings, Brown and Palmer",0.8621494012586113
34e6ab83-47ea-4f94-8c18-94b3c857430c,3cd16a83-ded9-4ae4-83ed-b85a58bffac2,Glenn Long,20:06:26,LinkedIn,Bad experience with Flowers-Cantu,0.081044772
b6ce7c26-f965-48c8-9324-11a3bd524758,684518f0-2014-4656-86d8-b9a9cfc79240,Daniel Carey,10:02:34,Twitter,Terrible experience with Young LLC,0.870987048
175d4e2b-7f33-46f4-b854-701e33666f5f,2aa730fb-2029-4fcc-8515-2f6073c8890d,Darrell Taylor,16:06:17,Facebook,Bad experience with Suarez LLC,0.30326028215360146
7623888c-41e7-4393-a897-d106b305f3ae,aa5aa8f4-5edb-4cb5-9d1d-80981c201912,Sheila Robinson,13:06:51,Twitter,Terrible experience with Cooper Group,0.9000777540697587
1e4c6d9c-916d-4e75-872a-b677b8508f9f,6e6bc9ae-c59a-41fa-bc83-b57a6dcb4b62,Rachel Walsh,16:25:10,Twitter,Bad experience with Davenport Group,0.24893984111276213
9c2b1aa8-54a4-4907-84a8-7fb362deb228,15fc3f4e-fb6d-4831-83cd-90f9337cab59,David Singh,07:34:10,LinkedIn,Bad experience with Hopkins-Johnson,0.24572427020460907
7c607c4b-ac54-4a12-be93-c95f5e1b3f07,25382b95-caeb-47da-bf3f-844daa84ad33,Frank Larson,08:47:40,LinkedIn,Bad experience with Russell Group,0.5678981412664583
e8fb4444-a999-4efe-9b9e-ac1839be7624,0373ac0f-83fe-4513-8419-df02d685fd06,Brandon Zuniga,05:49:34,Twitter,"Terrible experience with White, Lindsey and Gonzalez",0.251923962
500006c8-6f22-4e4b-9e05-dd3af949d7b1,3f084e24-97d6-468a-a285-1d5343d575ef,Ariana Garza,05:18:49,LinkedIn,Terrible experience with Lane Inc,0.085800152
8985c8bb-9a38-4bfb-a982-007d5c7092e6,a2e5ab9b-e587-47ae-ad6b-be84151ed501,Kevin Roberts,16:06:16,LinkedIn,Bad experience with Christian-Mcdonald,0.8927994388428433
fd744e56-925d-4e44-827e-6d2ef0e849e6,5f4844e5-13aa-479f-8862-5171650c0577,Anthony Hobbs,05:42:20,Twitter,"Bad experience with Gonzalez, Shaffer and Cox",0.11162560974148894
1acea943-3208-4c54-8a8a-51079ba347a3,66d4b5d9-e0c6-42f8-b07a-028fb65c5097,Megan Bennett,19:49:10,Facebook,Great experience with Owens Inc,0.8176344479890755
7c081c87-76a9-452f-80d4-36a73c5665a1,bc44adb5-28ba-4347-88c5-aa463ebbeedd,Theresa Smith,04:34:08,LinkedIn,Bad experience with Allen-Powell,0.4193882938379736
384304ba-57c9-447c-a6d1-849b76046830,636b2929-4aa8-4cd0-ab95-87f7750b40aa,Daniel Adams,19:41:27,Facebook,Great experience with Roberts-Mcdaniel,0.7090477620362589
ebd332de-8ff4-4cf7-9215-6ab842c42d3d,88e26805-2052-4394-944e-180accf91ede,Tasha Bradford,06:20:37,Facebook,Amazing experience with Weaver-Butler,0.022596715
4a9deb3f-6fdc-4553-9505-0d247faa4575,5dc86688-508f-4ab5-ab57-c567061bf0ef,Christopher Rodgers,07:07:43,Twitter,Bad experience with Bradley-Jones,0.38231198041405945
ca8df7f4-a3a0-4e7d-af49-b5d93ef6eb2b,40625b44-a28a-4cc0-a493-00df7fd2ff2a,Timothy Russell,19:30:12,LinkedIn,"Great experience with Bailey, Gray and Brown",0.8197998586905442
459e0a9e-5c04-46cd-8d12-4b75d3fff331,5f34f0d7-8780-4582-af84-e27b27d9dbfb,Emily Meadows,16:37:01,Twitter,Terrible experience with Wright-Boyd,0.25144151986563856
ba56d3bf-88d0-4adf-9453-309c36cd2c3f,decc4d44-ad62-483d-a386-2cfdb6927e4b,Peggy Richard,04:56:08,Twitter,"Great experience with Bell, Ortega and Jackson",0.4272878913247511
efbe35ad-db4f-48ae-bf33-03089abe87d6,d0613e7d-9248-4843-b093-c50437cbd446,Blake Douglas,11:05:42,LinkedIn,"Great experience with Jimenez, Valentine and Palmer",0.3739244977663285
97c8f31e-9d2c-46e5-acb9-8f83610da5b3,38cee983-9ee1-4f29-a557-05c048332d63,Wesley Ibarra,03:41:20,Facebook,"Terrible experience with Gordon, Hudson and Taylor",0.034894267897441655
7b846cdf-c364-47d4-b2d7-9430d2fc025b,decc4d44-ad62-483d-a386-2cfdb6927e4b,Erin Boyd,14:37:43,Facebook,"Amazing experience with Gross, Kramer and Kelly",0.4476447777931629
04628dfb-bb86-48a2-97d7-368f56440a17,a1d280a3-c190-42fc-b9cc-8e5f5a8b1af1,Ashley Wright,03:30:07,LinkedIn,Great experience with Avila-Wilcox,0.36020550315853683
5b39abca-42ef-422a-885e-def3e873cb23,159a8c51-ba1d-4fb5-b917-77ae24d717a8,Howard Santana,09:28:00,Facebook,Bad experience with Wang-Roman,0.2624321438741881
4fb5f1d1-39d9-4a5a-80f0-137684d52f6f,184c0c1a-9f75-4e99-b410-877c8f914cd4,Dr. Eugene Oliver,08:35:34,LinkedIn,"Bad experience with Torres, Mckinney and Leon",0.7414599113841717
c980c164-5283-4aed-bb3a-6ffc2581d373,1371e726-c2e2-4bee-8b83-833d63c3b246,Emily Rose,09:51:51,Twitter,Terrible experience with Adams-Taylor,0.9602636982495878
81ae8a93-e247-4330-92ea-3b1cca3d21ab,8c39b0d1-72cf-4b7c-974f-df6ab2f49d72,Janice Giles,14:14:35,Facebook,"Amazing experience with Davis, Frederick and Burns",0.4497188439333599
10d82f8b-3f67-42f2-8457-7d07e0fcf4b7,cc244b6c-8f83-4ddb-89c7-75394b4d85fc,Jacqueline Ross DVM,05:18:53,LinkedIn,Great experience with Williams-Garcia,0.8890024242462293
20cae068-78ad-45e0-a016-94de28d06109,6ee061e4-b32f-445f-b246-b8ba15f7f62c,Jordan Lowe,08:34:47,Twitter,Amazing experience with Williams-Garcia,0.5012516522466023
0f3cf3d9-81ec-48a6-ad76-b8b17a976852,c2909a2e-fd1a-45e9-bcf8-d8655b446c9f,Lindsey Adams,20:57:32,Facebook,Terrible experience with Owens Inc,0.2858110590084527
dbb4537c-8a53-4769-91d2-047c7885da60,d8b9410d-dc23-4a37-bd6e-805546f4b5bd,Tricia Lawrence,00:31:39,LinkedIn,"Bad experience with Wood, Garza and Bell",0.6241772318213169
eb27e418-1981-4cd1-8e98-d7b90604fc80,672a5d54-8e3a-4776-8207-01c587ded472,Andrew Berry,16:45:56,Facebook,"Bad experience with Smith, Herman and Alvarado",0.4520642169426695
9b1a5845-d98c-484f-9ef8-8b5c3d77e767,2326f849-e8e8-405a-9b66-fa4e9aa82093,Daniel Hill,21:48:58,LinkedIn,Great experience with Marshall-Mclaughlin,0.6944295442468311
f216eea9-2cae-4e39-b2ce-5c542cde1254,293322cd-0785-465c-ace1-3e1916f85176,Connie Perez,19:30:09,LinkedIn,Amazing experience with Hernandez LLC,0.097273866
a6104569-88dc-4f60-99db-403ebe96fbd9,c75b6905-8a9a-4cf2-a2a2-159902c40931,Mary Collins,14:25:44,LinkedIn,Great experience with Stewart Inc,0.5568866047980989
7f461e9d-6dae-4c2e-93a0-b3d9587b0bfa,47519f2a-31e9-43fb-b87c-12745dfff5a7,Matthew Clarke,01:13:50,Facebook,Bad experience with Reynolds Ltd,0.32516996351835115
e21fefa2-3a53-4963-96c5-5ac5efa5693e,97b6c6c9-d331-4b43-b3b5-ec5ff938905c,Clinton Moore,23:54:58,LinkedIn,"Great experience with Malone, Dyer and Evans",0.17304766553560347
1b68adc3-235b-437c-8813-5cbc8961f79f,b8ddb55b-5610-45ff-9a22-d63573d5571e,Kim Morales,01:42:15,LinkedIn,"Great experience with Rush, Garcia and Young",0.35842129659607713
7a40a755-675f-4eec-80e1-b0b57b4e05b6,d963795e-5473-4958-aebb-ce5a233b0a5d,George Phillips,21:56:26,Facebook,Great experience with Haynes LLC,0.17928865702093533
2ff00b37-ca3a-4208-a955-88f577e0ee1f,c3176f89-ffc5-4bcf-9f14-586327812927,Nicholas Hansen,16:29:32,LinkedIn,"Great experience with Matthews, Gilbert and Parker",0.001251495
6e3789cb-2274-4a05-af1c-491f6001bb84,ea19bb60-e679-4a45-a926-1396b5ebe9b9,Lori Newton,11:35:03,LinkedIn,"Bad experience with Hoffman, Velazquez and Lewis",0.10845994160313654
9fbef3e2-2e09-458d-b53c-f28e54d95151,66be97a8-07b3-43eb-98b2-e28fe625b41a,Dr. Denise Nelson,06:35:10,LinkedIn,"Bad experience with Schaefer, Arroyo and Tran",0.9686851807978888
709a3f2c-134c-4759-ba59-bc78842819e5,f2d30e12-e642-49d9-a77f-7638def925fc,Cheryl Stewart,04:05:57,LinkedIn,Amazing experience with Suarez LLC,0.3739401729542352
9eeb7277-c462-43c0-b07b-07579ba69353,d512af51-ac40-4c50-8284-6b52c9661c92,Jonathan Wu,12:02:00,Facebook,"Terrible experience with Mitchell, Lopez and Smith",0.04105151
5de726e5-c8e0-42e8-92fe-e0514425b683,0c2bd3f5-31a3-49e7-9046-ed8108cf2825,Anita Young,13:33:31,Facebook,Amazing experience with Davenport Group,0.18283803471598847
9cc27b4a-7d85-406b-86b1-ef58ed42fdc6,c75b6905-8a9a-4cf2-a2a2-159902c40931,Caleb Stone,01:40:17,Facebook,"Great experience with Mann, Hogan and Horn",0.7348496629133171
f27e5eac-964d-40f1-bc28-3416688e779c,6bbf3787-e0de-4f04-9f15-3a970cc14804,Mark Stanley,15:33:36,Twitter,Great experience with Hopkins-Johnson,0.611695139
e67a5ed7-2ae2-47c4-8ece-b7f10956a8b4,26264e32-c035-4a5f-bb29-64833eaaf99a,Michael Pollard,02:05:23,Twitter,Amazing experience with Vazquez-Nguyen,0.5152934605019137
bf40a30c-c5ff-4edc-858b-b965294cf655,1d3435c1-2509-4725-a318-f1bd6e068a6d,Natasha Cordova,21:16:13,LinkedIn,Amazing experience with Perez PLC,0.15121392844039627
845c53b1-532f-46f8-9cd7-9ee189fba549,fa796999-683e-4282-849c-5f3ffdc0a6fd,Candice Gonzalez,22:55:33,Facebook,Amazing experience with Rojas-Woods,0.003624228
1e3da9da-f246-4195-b761-894253c08478,531fc980-fab3-49cf-9094-9f459b4b8321,April Leblanc,20:15:54,LinkedIn,"Bad experience with Patterson, Richardson and Harris",0.2194981839046204
587cb3f8-93cb-4cab-8f6d-1416173c3d66,f4d86480-3541-4310-9237-9b90ff9783f5,Jessica Day,17:37:10,LinkedIn,"Terrible experience with Maynard, Brennan and Conrad",0.16498602514929495
6541e295-5954-47c6-af8b-aa768800a70c,f3114bd8-08ec-4545-9c46-06efc870e890,Wendy Martinez,16:12:20,Facebook,"Bad experience with Carter, Wheeler and Williamson",0.841954059
e246bc25-8a21-44ad-a1eb-6b1620ab2ed2,1fa1ecef-6d5b-4069-9ddd-48d5fa238708,Andrew Williams,12:57:11,Twitter,Bad experience with Kelley Ltd,0.8068999983575048
e1708358-9b0c-4809-a4a6-1df42ee2f5bf,f5be7c66-c240-4ee3-8305-f58cbf0b632e,Douglas Garcia,09:58:04,LinkedIn,"Amazing experience with Davis, Wallace and Tucker",0.6771520020438873
fcb0ca24-002b-491c-8e08-c3740cff1ab5,7fcb49c6-aa50-4479-ae2c-69babcd68eff,Jenny Rowe,08:16:15,Facebook,"Great experience with Garcia, Perkins and Thomas",0.5170219352147375
80128046-9c4b-4b4f-81da-26f8bc8ac6bb,367e2ab6-c83a-490d-9c3e-ce895027fa93,Michael Peters,18:16:32,Facebook,Terrible experience with Becker Group,0.25611532871814635
e2aaa0d9-1f05-4850-bd0b-c79fb2f43ee2,a50f9f56-2e71-40aa-ae5c-7eb042d5867d,Kim Rodriguez,12:04:03,Twitter,"Bad experience with Rivera, Williams and Blair",0.5893406962695873
b20c8687-ba1a-405b-8c8c-e12950ebe219,d60dde97-ba93-4ef6-9477-333020c99c6f,Jenny Harris,06:02:46,Twitter,"Bad experience with Leonard, Bryant and Shepherd",0.053582026640307645
de157fca-8875-4dea-a435-53b0f3175302,413b8b1e-0453-4a00-ab4e-63eecd61dfa1,Christina Garcia,05:14:25,Twitter,Great experience with King Inc,0.12469775309263453
6361534d-e32e-49f3-a044-04e3733a3b4e,0d3904d5-3a75-4245-8e29-f0b7fcc40b28,James Hoffman,08:44:30,Twitter,Bad experience with Perkins PLC,0.7180929500737543
4267120b-1196-4d17-89b0-f89c49dd6148,62cec633-0ee8-4d69-a324-f1179c40f11e,Ann Jones,13:46:20,LinkedIn,Amazing experience with Lloyd Group,0.7173791798977399
8f3d8d75-c86f-43a3-866c-4c8db38b64c8,8f99d25e-12b8-4b7b-a16c-70a34e0f6d7d,Mary Rogers DVM,08:19:57,LinkedIn,Terrible experience with Gutierrez-Atkins,0.8384036270966905
2e06bb8c-2e4b-4908-a578-401f6712408c,0e468cbf-0962-4e92-9e13-7302c644af6d,Michele Allen,06:54:15,Twitter,"Bad experience with Young, Johnson and Yates",0.6176355036557697
35a2564d-0aad-4793-ad2d-23c1890c9f1c,5d5ee7fb-00d8-48f7-879d-f42b6dbbdf14,Beverly Crawford,12:52:42,Twitter,Great experience with Roberts-Rich,0.34496621856876664
4960be03-e2c5-4ca1-9b29-4b9c6164c59c,64650f40-26eb-4245-9a08-ac5bbc1483a8,Crystal Wilson,19:57:59,Facebook,"Great experience with Fletcher, Bell and Coffey",0.16742797726859293
2e15bd41-30fc-48ab-9f0f-fcc718d70782,6fdb4bc3-f842-4e29-8974-83d73f92bcf8,Linda Wilson,04:54:57,Facebook,Terrible experience with English and Sons,0.5457539024959888
862b5003-d30d-4609-9a88-616c7cd6efe9,4d89ebc6-7fdf-46c2-848a-ee6fac8ddba5,Troy Ball,02:39:55,Twitter,"Amazing experience with Maynard, Brennan and Conrad",0.4757484449543724
79613cb2-23ed-462c-9e67-f8aa0aacff63,d22a7f0b-19ad-4542-ac0b-02d7c159e4fd,Edward Vargas,09:06:56,Facebook,"Terrible experience with Young, Johnson and Yates",0.4837906775459878
498438a3-ba25-4e70-a46f-139db078af8e,b7dacd72-5a72-4478-bafd-f2914300f7b8,Shannon Jones,03:53:41,Twitter,Amazing experience with Heath-Russo,0.4545665692520915
bd4e1f28-b8f5-409b-9bee-9df10036b2f8,e0753b1a-915c-44ef-b97f-ff38a75831fc,Mrs. Beverly Dean,17:21:02,Facebook,"Terrible experience with Thompson, Lee and Carlson",0.22330769806876405
d884b906-385c-42d0-a4ab-30e75dc0ae26,6ec9eff5-a337-4871-b9d6-cb8abae24dc8,Jessica Griffin,01:03:49,Twitter,Terrible experience with Morales PLC,0.4164515332795776
4d7696ba-1299-46ad-9178-de7ffc03bd44,b8ddb55b-5610-45ff-9a22-d63573d5571e,Melanie Flores,21:04:42,LinkedIn,Terrible experience with Shaw Ltd,0.6834496203070496
62945fbe-2769-4584-9027-d6d264b340a3,8b45ddad-8d9b-4e8d-a407-39d194d73404,Rhonda Daniel,14:41:10,Twitter,Terrible experience with Hamilton LLC,0.8858869785947772
a8a93c8d-3adc-40cb-b81a-25cfeff9a9e4,0d27b42a-7e74-4f58-84a4-5ee149ba2e61,Deborah Barker,23:24:56,Facebook,"Amazing experience with Haynes, Noble and Hall",0.36253321444072417
0994301d-6b64-4a0b-9235-aef2376ca8ef,43dcfc4e-3ebc-49bf-b824-d804ee717f90,Daniel Blair,01:57:46,Twitter,"Terrible experience with Kramer, Gregory and Gonzalez",0.084308029
efd3a620-ce91-42e8-8175-72c706431a7f,09e84771-464a-4636-aae6-6e63765e8c7f,Kimberly Smith,18:41:29,LinkedIn,Terrible experience with Shea-Jones,0.8079270477692858
c5b654b6-3b7d-4e7d-bb94-93674e36b2d9,80b25401-89d4-4c0a-95e8-0861f2143a62,Nicole Lopez,07:18:23,Facebook,"Terrible experience with King, Estrada and Richardson",0.065256522
488935c6-a7ef-40b2-b1ef-f8c307b18b6e,cff1f7e9-79b1-4b17-940e-d461c49d86ee,Shirley Hall,11:57:15,LinkedIn,Great experience with Weber PLC,0.28936673940461966
73a23b70-16f3-49f5-aace-b82fc0ddd369,096f0b1d-0319-4672-892a-c34ed7bab317,John Merritt,13:02:42,Facebook,"Bad experience with Fowler, Sanders and Wright",0.7285103340799932
0970ce77-549b-46b4-8188-fc2ce3c2c250,f020bb66-c8a4-4020-a645-c2c4c14ada3c,Hannah King,02:11:59,Facebook,"Amazing experience with Russell, Martinez and Hernandez",0.5279427386611725
d21ee1a5-f463-4f05-b30c-215065023669,d9199134-cb22-4fec-bac7-f7c0697a2978,Laura Wilkerson,18:10:07,Facebook,Great experience with Richards Ltd,0.8272921322468122
f62a8c20-b391-4384-a6d2-f4bdd2a8666d,d8b9410d-dc23-4a37-bd6e-805546f4b5bd,Donald Frederick,11:13:45,Twitter,Great experience with Bell-Williams,0.2688798356973693
197728ba-efb9-4d41-bae7-d01db2e91b1e,c752b1dc-db87-4c9f-9335-fd1dd6a523e0,Jennifer Wright,08:27:21,LinkedIn,Amazing experience with Jordan Ltd,0.5985215542879011
c6c84cc2-d244-4f63-b6ce-6825422dca33,eb6a400a-2975-4bcd-bd6f-bfe2e8a19bd9,Lawrence Lewis,09:16:19,LinkedIn,"Terrible experience with Taylor, Kelly and Johnson",0.021758543058468582
b718cfa4-6823-4028-9d4d-2f8ea5b04cc4,b8ddb55b-5610-45ff-9a22-d63573d5571e,Caroline Lewis,17:13:59,Twitter,Amazing experience with Baker-Young,0.9523664038850138
66b897c6-4bfa-47e0-90b7-427372fc6aff,87988ea8-9fbb-40e6-bc29-56dd205f0974,Julie Mccoy,16:43:55,Twitter,"Bad experience with Rios, Perez and Hayes",0.7300584313182588
6d29817a-83ce-4706-81c1-a81b55500b1b,f57ebdb4-60e1-4425-a5c3-cb17c048db0c,Emily Hicks,15:18:22,Facebook,"Terrible experience with Gordon, Hudson and Taylor",0.795813909
b1515202-5c85-461f-9d60-6d2973ebb76e,184c0c1a-9f75-4e99-b410-877c8f914cd4,Lori Mccann,14:06:50,LinkedIn,"Terrible experience with Rios, Perez and Hayes",0.5735851418431889
b09ba6d1-e528-4894-bf63-81d142612706,bc44adb5-28ba-4347-88c5-aa463ebbeedd,Derek Schultz,09:53:31,Twitter,Terrible experience with Smith Group,0.20231134797419958
cfcac795-aa93-4de5-a6f4-38a2c699d923,cf19c1fe-bfad-475f-bae7-5c2551350da5,Kenneth Richards,20:45:36,Facebook,"Bad experience with Gardner, Parrish and Myers",0.024325013
e407e73e-207d-4dad-be21-f662c1517242,31f473c9-7c8e-417c-ae67-91279a14654c,Paula Barber,20:23:33,LinkedIn,Great experience with Moreno-Navarro,0.5101619258487754
910f2d5c-cc94-49fb-8b12-62f21b218504,42411f21-04c8-4da0-8e96-71674210732c,Mark Henry,06:21:33,Facebook,Terrible experience with Reeves-Miller,0.14076690421992755
4e6fc07b-2e72-4868-baf3-eec847b0c2cc,a2e5ab9b-e587-47ae-ad6b-be84151ed501,Ray Smith,18:01:07,Facebook,Amazing experience with Cole-Bennett,0.5988074894019711
042356d4-3f8f-4955-8f29-1be6ef343977,3cd16a83-ded9-4ae4-83ed-b85a58bffac2,Sandra Wagner,15:28:31,Twitter,"Bad experience with Maynard, Brennan and Conrad",0.1284760061186796
ac308d24-fe9b-4190-92c5-27aa192278c1,5677eacf-2aaa-4332-9ae3-433e5f5e67ed,Anthony Delacruz,21:03:15,Twitter,Great experience with Riddle Inc,0.919273843
63cde472-38ab-4836-a979-cd770cae05a7,d00ddcd4-017a-48ab-9034-a2a53028b554,Lisa Adams,14:08:56,Twitter,Terrible experience with Love Ltd,0.30870369985559676
03746bae-0482-40f6-b0a0-a2796cda00ae,ea318e12-c110-4aed-86bd-aebce7743817,Jean Romero,15:01:14,LinkedIn,Bad experience with Smith Group,0.543224102
6b3d582a-3d4c-406a-b09d-3e7a2adaf30a,83a0126e-3593-4929-aded-fdb1a3eb3b3f,Justin Sexton,04:08:16,Twitter,Amazing experience with Parker Group,0.9520598471204067
7d367f8f-c1f3-45ca-9118-f02ce2b28899,73f24222-b1ba-421f-b309-c5a0e774439d,John Griffin,12:01:34,LinkedIn,Great experience with Rivera Group,0.7798239936247774
de735a03-a317-402b-95ff-d7a7ea6d0d55,75c7c626-b9f7-4b3b-b999-c3bf9c8c8c4c,Danielle Grant,06:52:25,Twitter,"Bad experience with Mckinney, Ramsey and Rodriguez",0.7629939133139458
434b8014-e753-4ffe-bf1a-c3d8c27ad02e,0fa5f069-6ae3-4177-a7b5-12e4ea000065,Jaime Underwood,16:37:11,LinkedIn,Great experience with Weaver-Butler,0.9090368917636596
b3f9b864-a2bf-4bc5-965d-5f1e468d3f38,720d7347-b288-402e-8103-5fd64859550a,Sarah Johnson,04:08:13,LinkedIn,"Bad experience with Anderson, Williams and Wang",0.6292123283504453
bf2b67ac-a88b-4985-86a2-ad200bed4c9a,a347fc10-79c6-480a-907d-a55e201892df,Christopher Jones,03:53:21,Twitter,Bad experience with Shaw-Carey,0.4987728651267016
91b2b144-5437-49dd-a92a-45ffe35d96bf,0879e518-ede5-4639-a6c2-437fd20a6162,Tracie Rosario,16:20:30,Facebook,Bad experience with Mccoy-Perez,0.7300000053967147
201f51b2-11c6-421e-ac0e-15b127dd4f57,6cbda462-b01e-42d0-8d23-aeca8f154b7e,Caitlyn Daniels,00:59:25,Facebook,Amazing experience with Hill-Morris,0.11813837228858959
cd8770a6-aa0c-497f-9d24-4cd458120b17,a06433c8-a5b5-4db9-9948-3d93884b07a2,Nicole Moore,15:27:19,Facebook,Amazing experience with Kelly-Winters,0.8369605623035301
9b176168-a46e-442f-9b5b-1c37d7254a7e,a98f911b-533d-4505-8e29-bc0bdc4592be,James Watson,00:05:10,Twitter,"Great experience with Allen, Davis and Ferguson",0.1001758623525123
37fd4203-dc24-4fea-8eeb-b826321ad5e8,299a00d0-29f2-4df0-a1ef-22551009ea51,Michael Elliott,14:20:20,Facebook,Terrible experience with Lloyd-Howard,0.042202353972066065
f59b4a9e-d52b-4668-bac4-0323e2cc48be,dcd47c35-732d-40e1-aefc-c371a6e5ac86,Rose Brown,09:55:58,Facebook,Amazing experience with Mccarthy-Crawford,0.057282135
a0f4b5b3-0199-4c6b-9d24-87e917f823f4,aeb79543-79e3-4011-bd51-6eed145665cd,Linda Gibson,22:00:45,Twitter,Bad experience with Munoz PLC,0.6368711402526528
0f6a1117-dede-48c4-8ea5-084f44d9a6a2,115d210c-9228-4cbd-92ad-b13ff8f743cc,Crystal Wilson,16:06:05,Facebook,"Terrible experience with Lambert, Graham and Martin",0.073926444
7843d623-17ca-48cf-af8a-fecf062e9f7b,8e32e9c9-a94c-43de-bfe7-0e209e746806,Ruth Stevens,04:55:54,Facebook,Great experience with Ramos-Collins,0.2567738040913522
1cb24c65-d8b1-4b49-9dd4-e43672e39134,764ce146-9f63-4691-98bc-9169eaeab014,Nicolas Henry,20:45:27,Twitter,Great experience with Greer Ltd,0.5364948440135965
580885b4-7448-4096-8f9d-7f398cda3cc7,ff800ec5-1655-4bdc-a7c1-f3983e6923a4,Michael Jones,13:17:46,Twitter,"Great experience with Knapp, Garcia and Barker",0.24896755503189938
67028f67-91c0-4856-9b29-3d282b000e03,a347fc10-79c6-480a-907d-a55e201892df,Sarah Silva,00:25:07,Twitter,"Great experience with Cannon, Cruz and Griffin",0.6275510311806599
21b66b01-9585-45e0-afe0-eeffd7c83112,ca7c33ad-b3ae-4839-81d9-8caa0120064d,Paul May,06:24:04,Facebook,Terrible experience with Wright LLC,0.4651681894016856
5dc4048e-0c80-4a5b-aa75-34b5698a5f3e,bac08181-7883-4f95-9dee-70f421d69509,Andrew Smith,01:59:17,Facebook,"Terrible experience with Reynolds, Pruitt and Suarez",0.25092831848682073
bf940e4e-0967-4b3b-97fb-d104baff1623,c4ce8fae-2cdd-42bd-85b0-7a19c20550d3,Natalie Santiago,06:20:01,LinkedIn,Terrible experience with Johnson Inc,0.23529532827069388
5c84f7d5-2252-4c7c-8da8-1e025721c15b,869b8d30-1238-4987-ba39-e55099fd3b9a,Andrea Cole,05:39:03,Twitter,Bad experience with Shea-Jones,0.10826784005085532
49dd7685-e8df-4be7-932d-3a77c43b1139,2b9defee-7cac-49da-8c3b-d0dcf0b77ee0,Ashley Evans,07:41:06,LinkedIn,"Great experience with Turner, Hooper and Black",0.5377817855672409
b02e704b-0153-406f-a17d-52250114495c,1997bdbd-e516-46c6-98e4-6a6cf7aa091e,Nicholas Smith,16:08:10,Twitter,Amazing experience with Marquez PLC,0.18812643009907537
ea717b25-666b-4701-b3df-41102bc1a23a,409ec69e-664c-4ead-a016-aa6062736a6e,Taylor Rodriguez,18:22:41,LinkedIn,Great experience with Oliver-Smith,0.864989265
c555e18b-4e2a-42af-8add-6df2979a7fce,7be55f83-8941-4d55-b9b5-f0638c126975,Karen Gilbert,00:57:15,Facebook,Bad experience with Oliver-Smith,0.045243428
8bc8fd48-9838-4105-8b5b-acfe0ad27417,fcae0305-bd9c-4513-8b30-b795b8df1a69,Hannah Pham,05:36:13,Twitter,Amazing experience with Snyder-Williams,0.4419087396973349
016afab1-ea79-49c5-9a1f-de1d890a7b85,64fc514b-3f7c-4241-b42e-c3e8cfef62bf,Carmen Evans,22:14:45,LinkedIn,Terrible experience with Perez PLC,0.9480658072433336
4f457250-2aa7-4e2c-b022-7c79d2087200,c730e75b-44ad-4545-8295-b9f47baeae04,Renee Kidd,15:52:43,LinkedIn,"Bad experience with Parker, Cox and Williams",0.19257956695665257
0b733245-5c71-4228-bf37-0a51cae06d17,d60dde97-ba93-4ef6-9477-333020c99c6f,Brian Ruiz,03:12:24,LinkedIn,Amazing experience with Thompson-Williams,0.7327783368495514
ef9fcba4-37f9-46e3-9fe9-adc373af9c39,ef13b53f-da7b-4250-a6ca-aadb6a43f341,Jeremy Young,07:48:30,LinkedIn,Great experience with Neal-Ramsey,0.831880397
e1189833-7d4a-458c-916e-3acc03f1842b,6ec9eff5-a337-4871-b9d6-cb8abae24dc8,Zachary Rodriguez,20:00:30,Twitter,"Terrible experience with Foster, Carson and Garcia",0.8477302855421132
9abbc128-c739-46db-a5f1-90b7d619e071,06594975-fef1-42bd-b356-a927974896ae,William Manning,14:59:51,Facebook,"Terrible experience with Wilson, Johnson and Woods",0.091333549
74f04521-ad79-452d-8b85-392d7a560a2b,a9594932-3e76-4520-b737-761c829ec02d,Julie Reyes,18:27:14,LinkedIn,"Bad experience with Michael, King and Greene",0.4150709546062308
2ba5704b-089a-4832-a35d-3b107f00127d,2aa730fb-2029-4fcc-8515-2f6073c8890d,John Baker,06:23:43,LinkedIn,Great experience with Clark-Scott,0.3543520371993356
cff29b04-e259-427e-bc4d-66750888d2db,80d1c021-8aea-45dc-9895-4e102a60062c,Jason Kemp,16:18:40,Twitter,"Amazing experience with Mitchell, Lopez and Smith",0.8466785606099201
dc2014f2-6215-40d3-9318-d546a81d09e5,7f62da23-cad8-4bb6-a6b8-840d21a60798,Justin Price,18:25:35,Facebook,Bad experience with Robinson LLC,0.1436341808259337
b081b405-c357-4424-80f5-bd00fd9f13cd,33ec0c3b-86d2-4aa1-9455-74c24978b7b8,Brittany Johnson,23:05:47,LinkedIn,Great experience with Perry LLC,0.8047280094809457
bf61f056-f422-46c0-b2d4-e32c8d662d06,a5b66152-82d3-47dd-8f78-f0ef61f4e18e,Brianna Hoffman,01:12:28,Twitter,Great experience with Robinson LLC,0.9649560311715187
abe08e11-eaa2-4c64-80b2-4f5188ea8680,8b45ddad-8d9b-4e8d-a407-39d194d73404,Jessica Herrera,17:19:49,Twitter,Bad experience with Rodriguez-Nelson,0.5668525166041986
703b1ab1-a9cc-4be1-b9a4-6e0d006c75d5,94439cc8-a3c2-4900-aa23-099fa73a3293,Wesley Warren,05:06:24,Facebook,Bad experience with Hunter-Lindsey,0.8574358521573161
a8bd6f5f-6389-44f6-92d4-41bec41598b8,0bdb7c1a-9084-41a1-9e21-49bcb80a3ec0,Linda Taylor,10:37:58,LinkedIn,"Amazing experience with Perry, Rivera and Wade",0.9346781923475024
75d17851-b8ed-4e89-b86d-a59670d48547,d963795e-5473-4958-aebb-ce5a233b0a5d,Andrew Blake,14:40:16,LinkedIn,"Terrible experience with Henry, Moore and Gomez",0.5153086823072242
81437e39-7ebb-41ca-b756-52eb5e7806f0,e342a84f-ab76-44a8-8574-cd472f3f36ea,James Allen,04:22:35,Twitter,"Great experience with Nunez, Thornton and Campbell",0.4324042274416102
d479a9e3-5651-4c84-9dcd-25e2ce7059fe,cf809ffd-4cc1-491c-b3c4-b04381a5e7b0,Nathaniel Moore,14:53:38,LinkedIn,"Amazing experience with Jones, Kaiser and Hernandez",0.10218032765073759
6c52f331-16c6-461e-83b4-8813b577b01c,3efc62fd-d15e-4d1b-aec0-0a2fb8e5f036,Kathryn Kline,05:31:38,Twitter,Great experience with Roberts-Mcdaniel,0.18701579811237767
7dcaf693-209c-4c0c-bd1b-232e6ba34251,a50f9f56-2e71-40aa-ae5c-7eb042d5867d,Jordan Carr,01:05:02,Twitter,Great experience with Green Inc,0.1572595070372107
3b1f044f-8882-4cc3-a5f2-5fe8a93dbc6c,c67c562c-c229-4747-9916-7574304a9c02,Crystal Erickson,20:17:35,LinkedIn,Terrible experience with Robinson-Hamilton,0.9180668620849372
7a8718e5-9931-496b-90dc-4afcf66f69bd,dcda22cf-22f0-475b-aef7-c841abdf2ee2,Raymond Johnson,05:26:57,LinkedIn,Amazing experience with Williams-Garcia,0.12556709214034834
59193080-23d9-4eeb-b81d-2bfdb7c14baf,6bbf3787-e0de-4f04-9f15-3a970cc14804,Sheila Davis,10:29:24,Facebook,"Terrible experience with Jones, Jones and Villanueva",0.8676951277534937
adb7eb7c-2876-4da0-a16f-9e72d98c5529,75ef6dde-ed12-4773-aeb1-d70f74d0d81a,Tara James,07:34:41,Twitter,"Great experience with Davis, Fuentes and Logan",0.9635583199273889
9ea4e25e-6657-4ac1-811d-6af080f31e60,f093e85f-1b36-45d4-85b0-911af195d185,Amber Hale,10:16:52,LinkedIn,"Bad experience with Rivera, Wilcox and Cortez",0.41802835004632866
fdb72cbe-9e2c-41da-917e-86650362f005,b233c3bc-b5b5-4d2d-80b3-2ea63f4bacb1,Elizabeth Stanton,10:35:38,Facebook,"Bad experience with White, Moore and Murillo",0.9026777495215472
db509673-fe68-4582-b439-55006d5ab341,4a5e4b19-8323-4f9a-b0bb-dbdc006dc38d,Nichole Mendez,18:11:58,Facebook,"Amazing experience with Henry, Moore and Gomez",0.22667093745219136
094556e6-5a6c-4905-9fcf-5423c0d24699,d946dedd-c66f-43d6-b31c-c656d12b3a89,Jordan Anderson MD,18:33:27,Twitter,Great experience with Cooper Group,0.094124996
e4a2cbaa-67fe-4112-a6c2-b91be3bdc52c,9451c594-cd4a-48fa-892f-7a5661fcbc13,Elizabeth Hunt,13:33:37,LinkedIn,Terrible experience with Moreno Ltd,0.34216079429292356
38215523-26d2-4871-999c-44f3508bc60c,1c844a42-1ff6-4966-bf4e-18843635d890,Wesley Powell,01:14:25,LinkedIn,Bad experience with Rose Group,0.6009324358096801
caf5a760-1bc2-46ac-9961-bd790c22d90f,1651d966-7a6c-414d-a4b7-1cc37cdd55d6,Johnny Williams,22:17:40,LinkedIn,Amazing experience with Bray Ltd,0.1327660339997332
8a7da9c3-a815-45b6-8e33-50b45412c25f,a30b0dc8-e334-48ae-b0dd-fca37567e21c,Brooke King,07:25:49,LinkedIn,Great experience with Perez-Garcia,0.6529129931019956
589a49d2-0f40-4266-ac4a-68d9fc3330fe,98285944-3ec8-4022-a6b3-92a4dbe81f42,William Wallace,06:54:25,Facebook,Terrible experience with Hernandez Inc,0.7784625561446167
ca0b0faa-a493-4a3d-b1b1-d53c4b5e9cab,aa5aa8f4-5edb-4cb5-9d1d-80981c201912,Joshua Owens,09:19:05,Facebook,Great experience with Gill and Sons,0.5109870816688468
c0c8fd1b-799f-4fbb-a46c-b2359d7d252f,1ad978f8-9974-4084-891f-f3c70d4a6a80,Maria Pena,11:49:10,LinkedIn,Amazing experience with Hall-Chapman,0.6729283320675246
a05923fa-1e3a-4d14-ba4b-8a22bb38282b,be5330fc-2ef9-480d-8bac-d7d52824c2c7,Chelsea Lee,08:40:30,Twitter,Terrible experience with Rice PLC,0.6157335724130135
93e2deb4-2c4b-4515-bf6a-25bb819060b1,f4d86480-3541-4310-9237-9b90ff9783f5,David Lopez,14:15:23,Facebook,"Great experience with Gross, Kramer and Kelly",0.4168599334773816
9b8d3839-a21b-41ad-89d6-c695ffe57914,f77f7e31-3182-48ec-adb2-c9752343d3cf,Sharon Arnold,07:20:20,Facebook,"Amazing experience with James, Hill and Schwartz",0.6972286287380628
12bc47a5-e1ab-49b6-945f-1a537ae0c2a3,3bcbe281-66df-468a-8bbf-f7b316d078de,Timothy Malone,20:57:15,Twitter,Terrible experience with Anderson-Vaughn,0.046802602
65d271a6-d675-4fa0-8b80-e8633e5b5bd0,edaec736-be93-4cb2-9189-f2dffa132a6c,Kimberly Long,14:54:41,Twitter,Bad experience with Schultz-White,0.8707983343089833
6c5288c1-b8bc-47a4-8251-c545da7ffd1e,0eda2d7a-def2-46ae-82ce-75d07fc7576a,Benjamin Nguyen,10:01:01,LinkedIn,Great experience with Roberts-Rich,0.2894318201581685
a2d5bc5e-05cd-4f0a-9c85-d6747f08455f,26a662e0-dd45-452f-aeb0-fdb21b8a3413,Erika Mcdonald,11:15:39,Twitter,Amazing experience with Marshall-Mclaughlin,0.3520659138136176
938baa56-02c2-4c90-80d8-854f84d93702,f2817170-881f-4098-8a2d-e51fb5e7024f,Sara Cruz,18:05:55,Facebook,"Amazing experience with Wright, Wilson and Hunter",0.6805610499031872
a8015ccb-780b-45b8-8ee7-a0c23e738871,2c97d65a-194e-45b4-b80b-deb75b21cdd1,Mary Ward,15:00:46,LinkedIn,"Great experience with Nunez, Thornton and Campbell",0.035092888
8fc4526b-ca98-47f5-98fa-c859382bab4a,cf8439cc-02b4-4254-b3bb-3865af6fb65d,Robin Benitez,15:56:10,Facebook,Great experience with Wilson-Brown,0.8700149449455384
d86f9888-f27a-4521-9a9c-4e317efce7c3,0e468cbf-0962-4e92-9e13-7302c644af6d,Dean Rocha,03:59:30,LinkedIn,Great experience with Richards Ltd,0.2723786414388818
e1ce3584-15e5-43d6-a966-09385ddc2dd2,69137f97-f522-442f-99f4-05ab2138485c,Jeffrey Mclaughlin,01:43:56,Facebook,"Bad experience with Parker, Cox and Williams",0.5972670144330287
b794a16c-cf3f-48aa-864d-13872fef0884,7ff767c4-18c3-4210-a034-bff4e4eda822,Audrey Romero,20:22:02,Twitter,Terrible experience with Robinson LLC,0.022912257665638647
28037988-9a45-4c40-a2e0-7f9fdb1bd59e,a06433c8-a5b5-4db9-9948-3d93884b07a2,Thomas Wood,10:35:34,Twitter,Amazing experience with Perry LLC,0.5151632230128602
89e038cf-f93a-487f-b7bd-53f5f5669f54,28f81df0-a783-41b5-a1dc-0d14fa8120b7,Frederick Trevino,22:12:31,LinkedIn,Terrible experience with King Group,0.8114024301287297
d7837acd-a6aa-4a97-97df-9aee12471239,96aa0341-04e2-48c5-ac4b-3cc3515137df,Brian Kent,04:46:22,LinkedIn,Bad experience with Maynard-Simpson,0.5702640987396513
16f7f1ac-51d8-4132-957c-d201a9be9c90,1371e726-c2e2-4bee-8b83-833d63c3b246,Brandon Smith,06:40:53,LinkedIn,Great experience with Thomas Inc,0.7208857998936006
5441c0c2-ed88-4332-af5e-22eef22a3948,ec276d6d-410b-419d-8053-a01ddeb3f884,Mrs. Kimberly Miranda,21:53:33,Twitter,"Great experience with Poole, Martin and Lozano",0.5933712470326231
674ddcd1-6e68-4fa6-8345-16e400fbb9ac,2fea8e7a-5f30-4e00-ba54-821e235d16e6,Danielle White,03:11:35,LinkedIn,Amazing experience with Mcintyre LLC,0.26476449008728353
8ad7bbde-a978-4fbc-b942-e0c1e8c0dab3,81cb5ac1-e1fd-42b2-ac1a-7139ae2555ed,Keith Green,16:44:11,Twitter,Great experience with Nelson-Wade,0.514289694
d5bf1334-5f23-4bab-9f49-8ddac0f3337c,4a5e4b19-8323-4f9a-b0bb-dbdc006dc38d,Sarah Wilson,02:51:19,LinkedIn,Great experience with Leblanc and Sons,0.12816395845852313
cdfbafb1-f5a3-40a7-85f3-00640a4bbab3,b75c7810-85cd-446f-95f8-92586fc625d1,Oscar Gonzalez,23:30:04,LinkedIn,"Great experience with Greene, Lewis and Blake",0.7641058273444911
0e433dac-eea9-4fb6-9aa9-9ac0764dad17,6bbf3787-e0de-4f04-9f15-3a970cc14804,Melanie Travis,20:19:27,Facebook,"Bad experience with Rivera, Williams and Blair",0.31807161
a9aca0ad-afe3-4d46-ac99-a65e76137dcb,9f8f797f-4015-429f-8421-0c4e71e7b65b,Gloria Benitez,14:19:41,LinkedIn,Terrible experience with Richardson Ltd,0.074661037
ac58f89a-66bf-4951-950b-5d470cc76773,c753710c-d778-4005-b40d-e626e7918af0,Mary Gay,03:00:41,LinkedIn,Terrible experience with King Inc,0.9304500724770038
13b82df4-d282-4430-8c23-b60e0fc6b0fc,981c5432-6c96-4f1f-b9d6-5fa0102142e3,Kathleen Hale,00:09:34,LinkedIn,"Terrible experience with Kennedy, Miller and Munoz",0.7158694889662728
e9215b00-a20f-4120-a29f-b5774e3be23f,a1d280a3-c190-42fc-b9cc-8e5f5a8b1af1,Jason Fischer,02:44:07,LinkedIn,Great experience with Stewart Inc,0.9259916767564719
81dac69f-cb52-41e2-a9eb-28edaaabfd18,cad64c46-9816-480f-aa8f-5a4fe2b3befe,Charles Mann,07:24:49,LinkedIn,"Bad experience with Rivera, Williams and Blair",0.7963180828739377
7cf09894-b40c-4d4b-8074-fa7b98d0febe,d08a83a5-e857-4d8a-babb-ece32015fef9,Lisa Rodriguez,04:01:43,Twitter,"Bad experience with Martin, Rivera and Williams",0.6141454116257573
2271d647-9aa6-4894-8b1b-67f802265814,87988ea8-9fbb-40e6-bc29-56dd205f0974,Adrian Hudson,14:32:30,Facebook,"Great experience with Hernandez, Acosta and Rivera",0.11356253761991286
82a6b485-ce2d-456f-bc35-eecbaae9f86b,b600150a-98ef-4600-827c-3131472ec8f7,Thomas Martinez MD,02:24:38,LinkedIn,Bad experience with Mccann Group,0.13110804240981777
41fbec90-f9b4-4690-8d30-138021606628,44e4e7c7-1b28-4595-b66e-d2e90b1ada5d,Cynthia Morrison,10:00:51,Twitter,Bad experience with Woodard-Curry,0.28192131882010263
c6dbf00f-38be-428d-870e-ba73195fc26f,d22a7f0b-19ad-4542-ac0b-02d7c159e4fd,Harold Hogan,14:30:51,Facebook,Great experience with Harrington-Peck,0.026074377802882465
f62b6598-6bd5-4ebb-98d5-edb47a015fdf,4406f258-d8d9-437a-ad79-147f82e4d0f5,Robert Martinez,09:05:32,Facebook,"Bad experience with Martinez, Ibarra and Lloyd",0.17619729587058408
39ecb42a-b8b4-4040-96d5-2f0687b4eb96,b0922270-b090-4059-a3ff-fcbc57cf94c3,Ashley Sanchez,18:33:20,LinkedIn,Great experience with Thompson Group,0.5199364276928472
2a6465d3-b80e-4665-a616-7413b8dddfb2,d22a7f0b-19ad-4542-ac0b-02d7c159e4fd,Shane Washington,02:24:45,Twitter,Great experience with King Group,0.5137864129073996
166a770b-f334-4785-974b-96bc0936d91b,26a662e0-dd45-452f-aeb0-fdb21b8a3413,Sherry Davidson,18:50:52,Facebook,"Great experience with Reed, Johnson and Costa",0.6949568587875846
1a812456-883a-4239-aa5e-0cd830325105,d946dedd-c66f-43d6-b31c-c656d12b3a89,Craig Chavez,08:46:44,LinkedIn,Great experience with Sheppard and Sons,0.8627934899209317
99f65108-fa02-4949-93ee-a1fa525dd001,583ea27e-6287-4cca-b79a-050c9532cdd4,Kendra Martinez,23:17:47,LinkedIn,"Amazing experience with Cole, Hunter and Harvey",0.5066895907545902
3eec0644-747a-4182-b0c2-a5070a97b08a,38cee983-9ee1-4f29-a557-05c048332d63,Johnathan Ho,00:08:07,LinkedIn,Amazing experience with Carter LLC,0.9761229730194967
66ffa912-e364-4177-9ddd-b2f0ae4d209d,f093e85f-1b36-45d4-85b0-911af195d185,Holly Campbell,09:55:52,LinkedIn,"Terrible experience with Young, Johnson and Yates",0.5280249694443634
e2161b91-6c25-4138-a8ba-1711309e0454,bbe1fb0f-a8a0-4dcf-80e4-a86df4979b5d,Stephen Hernandez,03:40:58,Facebook,"Great experience with Frank, Williams and Hunter",0.23833424343292453
7e9d706a-45c0-4533-bad2-04285c72b3fe,0744633b-4eb5-49d7-802c-6c91eab8dc6e,Ashley Stevens,03:07:16,Twitter,Terrible experience with Hoffman-Carson,0.784996426
7cd1645e-b828-4140-ae48-4d6ee65c2a23,735b8a78-89e9-4f3d-9571-fcd384ba7566,John Roberson,02:13:24,LinkedIn,"Bad experience with Parker, Cox and Williams",0.8320348680161238
816f150e-ee2e-442b-b4c3-a108aeb24ac1,a06433c8-a5b5-4db9-9948-3d93884b07a2,Randy Torres,21:19:41,Twitter,Amazing experience with Lewis-Myers,0.8108394711516252
3b27de20-f1c5-4ebb-a0ff-8bd14a83a04a,44cc8164-6166-458c-9ad5-ed0df5c7e745,Jon Miller,16:06:58,Twitter,Great experience with Stephens-Hardy,0.6796097479530152
63082def-046c-4c38-a6c0-8c709c4ff2b3,47412083-35b9-4264-92d1-3072c0b717f0,Michael Hall,04:46:54,Twitter,"Great experience with Martin, Perez and Lara",0.2826625617805302
30b9cb21-b2cd-4c5d-9944-491a6d82eea5,0a818788-dd82-4604-90c8-3b5ddeb50d97,Xavier Jones,23:30:56,Twitter,Bad experience with Kelley Ltd,0.8063853197511338
cf744668-7e53-4bc4-843a-0e88ed0b10e9,230fa46d-1a00-45b6-ba22-9aa3ffc1268a,Jackson Fuller,23:23:45,Facebook,Great experience with Robinson-Hamilton,0.5897431516585642
f879dfbd-4e13-4a32-bd03-f60cf08f5fcf,3a18efe9-d8b8-4c37-9bfc-a30f58645f0b,Harry Berry,00:05:40,Facebook,Amazing experience with Zimmerman and Sons,0.8448504970584267
66461595-bc94-415c-aa6a-d28418f12100,5eb7521d-9c39-4ebb-8767-6f69f59df4d1,Casey Martinez,11:00:40,LinkedIn,"Bad experience with Powell, Cooper and Cooke",0.4956591845985875
f256a0b2-ebd5-432d-9694-71c7fecb7c57,66fb7fbc-59e6-4a7c-b86e-4a4103dec660,Eric Butler Jr.,07:26:35,Twitter,"Great experience with Reed, Navarro and Pierce",0.45236104057759474
78d645b6-8fcb-400a-9dad-daea9fa5d57d,760e28c0-ecb9-46d8-9062-e6a06c2f1b8a,Brandon May,12:25:23,Twitter,"Amazing experience with Rios, Perez and Hayes",0.8576870930142793
4c30ded6-31a7-45e9-bd63-d6e036903c80,b168fc23-933a-4ef6-8119-7b0965a4f7d9,Matthew Smith,09:31:19,LinkedIn,"Great experience with Stevens, Dixon and Ali",0.5384851333898799
9b9e3815-2812-4c31-8081-09f9e2181813,1ef755f6-692a-45aa-89bc-c313e9030c52,Brandon Todd,23:29:52,Twitter,Bad experience with Blackwell Inc,0.5942570125120148
99c77204-53b6-435f-b2a3-4a168c73c9be,ea318e12-c110-4aed-86bd-aebce7743817,Paula Hooper,18:00:24,Twitter,"Great experience with Knapp, Garcia and Barker",0.36122502242436694
50233541-8f3f-49df-9b18-bb6ea6338e23,a2e5ab9b-e587-47ae-ad6b-be84151ed501,Dennis Lloyd,03:03:26,Facebook,Bad experience with Williamson-Tapia,0.33776301103357886
9b8c6b01-55c6-4f06-aedb-0a45a8a07f05,c2356f1e-2d0a-4c32-8bff-29a7c8f0c915,Jamie Ferrell,21:18:11,Facebook,Terrible experience with Smith-Phillips,0.6509682397683606
d8daa083-ec6b-428d-ab30-c6b36a13dc3d,7139ee93-3215-4d17-8b2e-a93482eca685,Kristen Jackson,00:34:07,Twitter,"Terrible experience with Everett, Charles and Gallagher",0.48151198393885064
eb35f141-9215-46cc-8594-925e96c1ea29,db133dc7-23db-491a-9075-43cf611b458d,Joshua Benjamin,15:44:31,LinkedIn,Bad experience with Bishop Inc,0.2619736089675103
b5ee2270-06bc-4929-bd12-2790c4c1d22e,83a0126e-3593-4929-aded-fdb1a3eb3b3f,Faith Lane,13:31:15,Twitter,Amazing experience with Reed-Little,0.8854500569702582
0d8f3462-ae21-45cb-a16d-dc64fdba356e,5f4844e5-13aa-479f-8862-5171650c0577,Suzanne Banks,05:20:38,LinkedIn,Great experience with Williams LLC,0.6068473511263694
08e90aa1-4b0c-4de0-97fc-560bfdca0720,4b165acf-2a42-4803-924b-2ddd9e334815,Paul Oneill,07:00:37,LinkedIn,"Amazing experience with Park, Williams and Rodriguez",0.4595950918635283
be75be9f-540a-4fe9-ade0-ab403ad8c4ed,be5330fc-2ef9-480d-8bac-d7d52824c2c7,Kenneth Owen,07:43:39,Facebook,Amazing experience with Sheppard and Sons,0.33613692363090086
6c54b89a-6605-4cd2-a6a4-3c7a037f38a3,bed08a0a-1514-4e23-b881-f7f265766cb1,Matthew Zavala,23:01:10,Twitter,Terrible experience with Vega Group,0.9007085897425624
8c5de6a2-5e93-4d0b-ad02-e56c85d37efd,2326f849-e8e8-405a-9b66-fa4e9aa82093,Alexandria Hoffman,19:05:22,Twitter,Amazing experience with Perez PLC,0.4873855895957665
ab85d323-4280-45a9-8554-0e2a38523580,a7b6b028-17b5-4076-ba31-91a180f0423d,Mark Hancock,01:59:01,Twitter,Bad experience with Stewart Inc,0.7800050084927826
7e932dcc-a44a-4b57-ac4b-6e85dfb8f091,2f8c587e-7031-48ff-96eb-bc601d192ad9,Nicole Brown DVM,13:36:42,LinkedIn,Bad experience with Alexander-Wilson,0.01790829
dba314a8-d814-4085-971a-63deaec173c9,0c4645e3-2f27-4b83-81e8-903f96c955ff,Christina Blankenship,14:02:52,Facebook,"Terrible experience with Cherry, Smith and Lopez",0.4660784781924181
8e3a727c-d75d-45e2-8f71-fd99316464fb,5677eacf-2aaa-4332-9ae3-433e5f5e67ed,Gordon Tanner,01:21:51,Twitter,"Bad experience with Ellis, Jackson and Sparks",0.10605476579522077
50793110-cf72-4ffa-9bca-b41497997a2f,409ec69e-664c-4ead-a016-aa6062736a6e,Amanda Meyer,20:12:56,LinkedIn,Terrible experience with Johnson LLC,0.8204072693319648
e9286cb9-7664-4157-b21f-c63f41b728bb,6ce6713f-af93-45a6-8f97-7bcbc4407036,Roger Garcia,03:30:20,Twitter,Amazing experience with Calderon-Evans,0.8332216281624458
77713bd7-9641-4247-b755-ac5def4675cf,cd671d0c-cd4e-427b-bfca-243d3676f5a5,Brian Porter,10:17:01,LinkedIn,Bad experience with Rose Group,0.9887357360763509
2e2b1da6-1c87-4bad-abe5-62d4bfaccf1c,8d51a94a-c37a-4763-8544-fca9097c3982,Dennis Richards,21:36:03,Facebook,"Amazing experience with Mckinney, Ramsey and Rodriguez",0.7723567770251377
6ef74935-0a7b-44ae-b71b-8e030b9cc79d,7f2563c1-3cb6-4c8e-9bfe-6732ee565859,Jessica Moran,13:35:52,Facebook,Bad experience with Erickson and Sons,0.7373056683757749
2970f7ae-95f6-48bf-bd8e-442b704a3c1f,62cec633-0ee8-4d69-a324-f1179c40f11e,Roberta Beck,06:18:06,Facebook,Amazing experience with Sanchez Inc,0.40818491211877395
969e536c-8180-4037-a5be-c57b8b57a7a9,b0008fb4-f130-4c52-b081-e637fbb385ae,Sharon Cooper,12:25:07,Facebook,Amazing experience with Cox Inc,0.6325380811164117
a6b785df-3094-42fc-b2c3-0e115f3c48e4,2dfc31fc-18ea-426a-95c0-676e6cc6f1aa,Michelle James,00:21:38,LinkedIn,"Amazing experience with Jacobson, Vargas and Hall",0.24960390763824492
ff86bc6f-6765-47fc-8332-891d3e8ebc79,cff1f7e9-79b1-4b17-940e-d461c49d86ee,Timothy Moore,03:53:26,Facebook,Terrible experience with Hernandez Inc,0.44151687614175583
5fbb66f6-a3fb-4c31-98f4-35c2a7a5b86f,561167a3-0319-4990-8a06-7348427798e9,John Williams,09:45:46,Twitter,Bad experience with Lane Inc,0.9477659983999875
ee638539-b276-47d0-9fe9-815bf3fa618b,4a5e4b19-8323-4f9a-b0bb-dbdc006dc38d,James Robinson,12:47:37,Twitter,"Great experience with White, Moore and Murillo",0.6451311823289156
2933f255-9b65-4173-9fd8-83a84e81f959,f210916a-9091-474a-8d5c-afac50448f06,Gary Phillips,04:56:25,Twitter,Terrible experience with Garcia-Mendoza,0.4078087877615466
d220debe-8c80-4d50-a3ca-047c0cea1b64,fa796999-683e-4282-849c-5f3ffdc0a6fd,Jennifer Marquez,22:26:00,LinkedIn,"Amazing experience with Rivera, Williams and Blair",0.5449975253061339
7bb17fa0-64c1-45bc-956e-a9317366ac21,aeb79543-79e3-4011-bd51-6eed145665cd,Jerry Garcia,14:47:03,Facebook,Great experience with Wilson LLC,0.13545503158262395
03a2bec5-40e1-4ed7-89fa-ad9880c924e3,26087dd6-9652-4e3e-ab6f-52def73da9a3,Harold Chase,01:38:55,LinkedIn,Amazing experience with Wallace-Cunningham,0.8619126509956198
a7295ef2-f064-4121-bb5b-b5d3b53394ac,26087dd6-9652-4e3e-ab6f-52def73da9a3,Michael Wilson,19:03:52,LinkedIn,"Bad experience with Bell, Ortega and Jackson",0.5345468898868095
5bcd30d0-e302-4d0c-aef7-d5daa07b9f33,ef13b53f-da7b-4250-a6ca-aadb6a43f341,Melissa Rivera,05:11:56,Twitter,Bad experience with Shields Group,0.13609590825616735
a442839c-a101-4e56-aa8a-652b2169e5f9,92ab85b3-87bf-42f8-b684-e731f2acfc29,Xavier Martin,23:39:40,Twitter,Bad experience with Vazquez-Nguyen,0.45344679026346624
d69cd8cb-90ba-4f1b-a4fa-0978169c776b,c730e75b-44ad-4545-8295-b9f47baeae04,Amy Kennedy,00:01:33,Facebook,Amazing experience with Rice PLC,0.5432141308104756
72281470-6d99-4514-8544-02eb292d84f0,3bcbe281-66df-468a-8bbf-f7b316d078de,Todd Molina,11:25:13,LinkedIn,"Great experience with Gregory, Wong and Edwards",0.32509704089728797
b13ce511-783a-43d7-a160-7271414eb2b2,98285944-3ec8-4022-a6b3-92a4dbe81f42,Angela Gould,05:23:31,LinkedIn,Terrible experience with Avila-Wilcox,0.19491117979275174
ca399464-b91e-4cf5-806e-64333418e9be,0fa5f069-6ae3-4177-a7b5-12e4ea000065,Jennifer Parks,16:17:09,Twitter,"Terrible experience with Macias, Martin and Craig",0.9887969756815378
cdb14050-2494-4563-b421-ffe614e30353,159a8c51-ba1d-4fb5-b917-77ae24d717a8,Wesley Rodriguez,09:30:07,Facebook,Amazing experience with Hall-Reeves,0.15605329665918177
1855a522-7e89-4522-a90b-287e9c1a0a81,0373ac0f-83fe-4513-8419-df02d685fd06,Ethan Smith,22:58:42,LinkedIn,Amazing experience with Shaw Ltd,0.8335326698686886
e6e1028a-7d21-4c96-8503-45e1d75c1686,5f4844e5-13aa-479f-8862-5171650c0577,Todd Lee,09:24:06,LinkedIn,Amazing experience with Crane-Jordan,0.6164497793542869
23fb7670-d0b4-427b-afb1-52d9ca1b0e4c,c752b1dc-db87-4c9f-9335-fd1dd6a523e0,Kenneth Jones,19:21:59,LinkedIn,Amazing experience with Garrison-Morris,0.8934498966789896
8360c59b-1148-4c08-b4d4-0adbc799105b,56428b42-42be-4f0e-a5d5-0001f0e38b11,Jason Ward,09:00:24,Facebook,Bad experience with Russell Group,0.056940165499913986
ce38f75c-20a4-4819-85a0-2c062f8658ec,3f084e24-97d6-468a-a285-1d5343d575ef,Thomas Hoffman,01:41:51,Facebook,Terrible experience with Williams LLC,0.577892259
f6a641a1-e0e6-40ce-ad8a-7bbe3cd0c21a,cf8439cc-02b4-4254-b3bb-3865af6fb65d,Rebecca Rodriguez,05:19:26,LinkedIn,Great experience with Moreno-Navarro,0.940804351
d7d42e93-13c8-4ce9-81f6-55797f0b039f,d963795e-5473-4958-aebb-ce5a233b0a5d,Dylan Cruz,00:32:51,Facebook,Amazing experience with Santos LLC,0.22658120655506153
e99e6cda-290d-4061-8553-5fe34815e01c,94439cc8-a3c2-4900-aa23-099fa73a3293,Jennifer Brock,19:05:26,Facebook,Amazing experience with Kelley Ltd,0.32953716024848356
845f60dd-bb1b-4142-aa56-8313b0acc3c6,0b10e926-e4e8-421e-a992-5376146719e8,Dustin Alvarado,02:06:12,Facebook,"Great experience with Gonzalez, Delgado and Barrett",0.25913869366119247
9a207307-f816-49ec-8bd7-fa52e777162d,648ca6dc-8870-4d0d-9ac1-326de7ff9651,Timothy Sims,15:45:25,LinkedIn,Amazing experience with Garcia Group,0.9439380471396073
2e44e8ea-b735-4ac3-a757-a8fc310c67ed,869b8d30-1238-4987-ba39-e55099fd3b9a,Michael Allen,07:33:30,Facebook,"Terrible experience with Davis, Frederick and Burns",0.5567823039393328
39bec500-ec09-4661-a731-0b1a25544231,09e84771-464a-4636-aae6-6e63765e8c7f,Michelle Williams,15:10:22,LinkedIn,Terrible experience with Shaw-Marks,0.12694227964763394
3f23228a-67ad-491c-9913-1038222517d4,8f99d25e-12b8-4b7b-a16c-70a34e0f6d7d,Barry Garrison,23:23:04,Facebook,Bad experience with Martin Inc,0.781103981
247fba71-52cc-472d-9b5a-a49c8ffc51c5,6cc4f281-a3ca-4e5c-ae1e-ecd75999d74e,Ashley Berry,10:05:09,Facebook,Bad experience with Marquez PLC,0.6676326518560505
9c2ada4a-206e-4ae1-b030-92bec9ff9bed,469e9643-3888-43b2-8ca9-6424c8ed6a7b,Jonathan Oconnor,14:53:08,LinkedIn,Terrible experience with Ferguson LLC,0.6577284644042906
cdd08c49-fb6f-4e32-980e-346d26002f87,4d9aa3fa-68fe-41cc-94cb-9b600e9d3654,Christina Brown,03:02:45,LinkedIn,Great experience with Chavez Inc,0.7445625993050384
5236b9cf-9aa0-4a4a-9605-b23e6b13aaff,6aa7c340-66a4-4875-9262-5d735ca29202,Laura Clark,01:22:01,Twitter,Terrible experience with Smith Ltd,0.22408516733042683
9cd5ced8-33ed-4716-a158-cc07bd3d4415,7d733d55-4303-4560-a989-1bdb15b1a00f,Samuel Roberts,05:17:34,Twitter,Bad experience with Wise-Velez,0.030002115
9bad1369-e447-4291-a05b-2753a1fff0f5,b75c7810-85cd-446f-95f8-92586fc625d1,Michele Miller,22:27:07,LinkedIn,Bad experience with Santos LLC,0.9865388761984386
45b7bad3-de73-4208-b874-a3b0a2f25b34,bc053c56-a88c-4226-bab8-82b4721ac1bd,Eric Stone,17:46:50,Facebook,"Great experience with Martinez, Prince and Johnson",0.4259978994936533
79064719-8c8c-4992-9cc6-3fb7d058b777,8ccc96fa-9a9b-4100-9a18-e898f084a180,Jesse Morgan,23:29:54,LinkedIn,Great experience with Rodriguez-Nelson,0.8770773991189594
1082b8ef-543a-4d01-a087-290f7b70b33d,221d7581-a039-486f-bb2f-84928a284254,Amy Crosby,02:38:42,Twitter,"Amazing experience with Reed, Johnson and Costa",0.4046909291290406
5f87aef3-d84c-4c33-8322-fd614bc6f2c3,8f27cd71-24af-42c7-8361-767b1ee16b7a,Joseph Stone,18:24:06,Facebook,Great experience with Peterson-Lee,0.12515721711862593
211bc565-c195-4f49-a743-d6556df0e1ac,46602810-1704-4b29-82f5-03ca5d46c099,Eric Moreno,11:34:52,Twitter,Terrible experience with Norman Inc,0.6509474761807366
379963a3-ffad-4831-b8b4-8222417ffe9d,1997bdbd-e516-46c6-98e4-6a6cf7aa091e,Seth Mason,09:04:55,Twitter,Terrible experience with Koch-Moses,0.6096248124352662
8f07b024-3a2e-464f-ba45-35f17eeb93b4,8a0aef22-b0a3-4f6e-afd7-0715e52d6f9b,Jon Taylor,12:52:07,Facebook,"Amazing experience with White, Moore and Murillo",0.46367407227293045
9a660271-76a6-4bdb-a26c-730aa2f943c5,31f473c9-7c8e-417c-ae67-91279a14654c,Ricky Singh,01:16:18,Facebook,Terrible experience with Coleman-Harris,0.9506903703564339
4741d9fc-4933-489d-9189-146e3bae8dc9,26814982-1bb1-4ed2-8bca-eecd9249d96b,Dr. Andrea Thompson MD,01:06:24,Twitter,Terrible experience with Riley Group,0.3988003532266804
3d6d5566-8f22-4dca-981a-6e770546d350,3fe14bbe-3409-4004-9e9f-503628c428ac,Jeffrey Nielsen,13:44:58,Twitter,"Amazing experience with Mann, Hogan and Horn",0.8786098140157459
58c8a238-948e-4163-9f7d-c53fbb64171c,47b4e7f7-8d77-4b37-9e53-a6642b8839b0,Angel Brown,20:52:15,Facebook,Amazing experience with Wise-Johnson,0.8726892469749703
0d5a9b87-c21e-4f0c-9945-e01312c34102,2326f849-e8e8-405a-9b66-fa4e9aa82093,Daniel Doyle,18:02:54,LinkedIn,Amazing experience with Adams-Evans,0.5815196728566357
8674720f-9aaa-4307-a64b-d203136cf9dd,4a3d419d-9ace-4b3b-b998-51da76ab557e,Joel Rodriguez,13:39:23,Twitter,"Terrible experience with Martinez, Ibarra and Lloyd",0.47936379436894916
19e5e108-adba-4dc4-98e1-fee732588320,120a760c-8275-4106-8828-37a4ba2cf89e,Jonathan Proctor,18:07:07,LinkedIn,"Amazing experience with Knight, Armstrong and Wagner",0.6864235332017046
146df074-79bf-48ec-bfca-0eed6caa6caa,735b8a78-89e9-4f3d-9571-fcd384ba7566,Krista Estrada,13:03:48,LinkedIn,"Great experience with Jordan, Campbell and Brown",0.13099766931395596
5b5c2b73-63e9-4b9e-a1be-5e0e3c62bf22,9258ec0a-8b95-49a0-923d-59e3440b85c9,David Smith,23:19:27,Twitter,Bad experience with Vaughan LLC,0.040982783
ca26f072-16d0-4968-b25c-170391790c0e,c3abc9fe-5bc2-403b-b6cf-ea22dd936c63,David Forbes,04:26:35,LinkedIn,Great experience with Walton-Chapman,0.44824593723637685
5efb1099-300d-4190-9a4f-d54b63918b09,299a00d0-29f2-4df0-a1ef-22551009ea51,Michael Smith,11:47:00,LinkedIn,"Terrible experience with White, Galloway and Ashley",0.3794094595569618
952645c5-981c-44cb-9030-f823bf082a56,561167a3-0319-4990-8a06-7348427798e9,Kim White,07:24:00,Facebook,Amazing experience with Moreno Ltd,0.829839696
6187eac9-63e0-4153-8ab8-fef2b1ba023c,dc004895-50e3-4f32-8874-c7a9e0aed4eb,Crystal Pittman,00:25:31,LinkedIn,Great experience with Andrews and Sons,0.8607840762162994
0b5c5515-4bf8-47da-87e3-ec67f5418e62,cb83ae62-16f7-42fe-b069-3baf663489e9,Dawn Jones,21:06:31,Facebook,Terrible experience with Moreno-Navarro,0.6774775635606887
4a4c6713-184a-4519-9d27-ccc6184c5616,de044975-2827-40f4-94a1-268bbb816ea3,Martha Morgan,06:06:37,LinkedIn,Great experience with Payne Ltd,0.4929426262032415
694d691c-2660-4d36-9053-613842922f77,d932a8d0-ef46-469f-8470-1e2658299575,Brianna May,12:21:50,LinkedIn,Great experience with Wise-Velez,0.969618513
c7d5c192-0393-4bb5-8a2b-69034061257c,1f359ceb-21e5-4ee5-8492-2efbc435d0ec,Dean Mcgrath,13:45:45,Facebook,Bad experience with Jefferson and Sons,0.8073351813656477
291f2e6f-4cc9-4f40-8129-e929e2686192,c81fcd4e-03a3-4fec-96cf-8f39a6043b6c,Lisa Proctor,06:37:45,LinkedIn,"Amazing experience with Frank, Williams and Hunter",0.6367890697496336
dac31e74-8809-42e8-8ccf-eeb16c26c1ce,4d4f5754-628e-426a-a115-dd5c060629d3,Michael Campbell,17:28:04,Facebook,Amazing experience with Jackson and Sons,0.9242339388703169
cd6fe577-9da7-4a9c-b30f-215e337adc49,4fb09aa7-4241-438c-b1c3-c9ca16225144,Steven Carroll,23:19:18,Twitter,Great experience with Lane Inc,0.6666970455001888
02d662a3-1a60-4b6c-ac21-f1019476f4f1,431bcbf0-c50c-4ef8-becc-8852589f699a,Lauren Petersen,03:35:17,Facebook,Bad experience with Jordan-Campbell,0.8554651284114242
be70024c-5189-4df9-b217-708541906873,b0008fb4-f130-4c52-b081-e637fbb385ae,Megan Allen,01:54:26,LinkedIn,Great experience with Jackson and Sons,0.1826616008839521
d3be2549-4439-4248-969b-50eb0fbaa894,5a8f0087-3587-4097-b196-588d70df8014,Mrs. Tracy Ali DDS,04:29:50,LinkedIn,Terrible experience with Hall-Chapman,0.9775381134480456
8d280441-a515-48a5-975e-5ff57d2bb650,221739b8-01b6-4900-9023-a51b4ccf3cfb,Jeffrey Wood,13:13:08,Facebook,Great experience with English and Sons,0.19499168168436387
bd1d7849-925c-4474-aee1-caa8742e4460,4a6955bf-42f6-45b0-b080-3a4f3e6b52d5,Elizabeth Stout,01:12:09,Facebook,Terrible experience with Roberts-Brown,0.312206302
58d13475-8ce2-4fac-8787-d3469af391dd,2cc9f805-ac35-40d8-9b10-6968ed8d6388,Zachary Robinson,16:40:54,Twitter,Great experience with Green Group,0.32638475276714574
6aae6443-983a-4e19-a433-d5d065aaf45f,f77f7e31-3182-48ec-adb2-c9752343d3cf,Justin Carr,12:04:16,Facebook,"Amazing experience with Barber, Mendoza and Watson",0.8228922300957293
ef3164bc-7f5c-40b1-8e91-268325444b92,f210916a-9091-474a-8d5c-afac50448f06,Jessica Williams,21:04:23,Facebook,Amazing experience with Bruce PLC,0.17533307251173158
b0f2aece-7511-41ed-806f-0551ac126eef,8337409e-eea0-4bfa-9105-2eadff67f84a,Mary Wells,00:16:15,Facebook,"Terrible experience with Fowler, Sanders and Wright",0.5389774301445103
cdc69c41-01b1-44ec-8910-8dc67cba5ab8,6ad3d6d6-4f4a-4a57-9bf2-cd9bceba9127,Robert Acevedo,13:17:35,Twitter,"Terrible experience with Mann, Hogan and Horn",0.9295622747323767